name	v	nsq	npent	verdict
CCCACACCACACACACCACACACAACADEE	17	2	0	no
CCCACACCACACACACCACACACACAADEE	17	1	0	no
CCCACACCACCACACACAACCACACADEAE	17	1	0	no
CCCACACCACCACACACACACACAAACAAE	17	1	0	no
CCCACCACACAACCACACAACCACACAAAE	17	3	0	no
CCCACCACACACACCACACACACACADEAE	17	1	0	CONVEX
CCCACCACACCACACACAACCAACACAAAE	17	1	0	no
CCCACCACACCACACACAACCAACACAABE	17	2	0	no
CCCACCACACCACACCAACACACAACAAAE	17	1	0	no
CCCACCACACCACACCAACACCAABACAAE	17	1	0	no
CCCACCACACCACACCACACACAAABCAAE	17	2	0	no
CCCACCACACCACACCACACACAAACAAAE	17	1	0	no
CCCACCACACCACACCACACACDEABCAAE	17	4	0	no
CCCACCACACCACACCACACACDEACAAAE	17	2	0	no
CCCACCACCACACACCACACACACAAADEE	17	1	0	no
CCCACCACACCACACCAACACDEAAE	15	2	0	no
CCCACCACACCACACCAACACDEABE	15	3	0	CONVEX
CCCACCACCACACACCACAACADEBE	15	2	0	no
CCCACCACCACCACAACAACAACAAE	15	1	0	no
CCCACCACCACCACACACAAACDEAE	15	1	0	no
CCCACACACCACACAACCACACAACAAE	16	1	0	no
CCCACACACCACACACACCACACADEAE	16	1	0	no
CCCACACCACCACACACAACACACAAAE	16	1	0	no
CCCACACCACCACACACCACAACADEBE	16	2	0	no
CCCACCACACACACCACACACAACADEE	16	2	0	no
CCCACCACACACACCACACACACAADEE	16	1	0	no
CCCACCACACCACACACAACACAACAAE	16	2	0	CONVEX
CCCACCACACCACACCAACACAAACAAE	16	1	0	no
CCCACCACACCACACCAACACCAABAAE	16	1	0	no
CCCACCACACCACACCAACACCAABABE	16	1	0	no
CCCACCACACCACACCACACAADECAAE	16	2	0	no
CCCACCACACCACACCACACACDEAAAE	16	2	0	no
CCCACCACACCACACDEACCACACAAAE	16	4	0	no
CCCACCACCACCACACACAACAACAAAE	16	1	0	no
CCCACCACCACCACACACACDECAAAAE	16	1	0	no
CCCACCACCACCACACCACAACAADEBE	16	3	0	CONVEX
CCCACAAE	6	6	-	CONFLICT
CCCACACAAE	7	0	2	CONVEX
CCCACCACACAAAE	9	3	0	CONVEX
CCCACACACCAACAAE	10	4	-	CONFLICT
CCCACACACCACADEE	10	4	-	CONFLICT
CCCACCACACAACAAE	10	2	0	CONVEX
CCCACACCACACAACAAE	11	1	0	no
CCCACCACACCACAADEE	11	2	0	CONVEX
CCCACACACCACACAACAAE	12	1	0	no
CCCACCACACCACACAAAAE	12	1	0	no
CCCACCACACCACACAAABE	12	2	0	CONVEX
CCCACCACACCACACDEAAE	12	4	0	CONVEX
CCCACCACACCACACDEABE	12	4	0	CONVEX
CCCCACCACACACAACAAAE	12	12	-	CONFLICT
CCCACACCACCACACAACAABE	13	2	0	CONVEX
CCCACCACACAACCACACAAAE	13	3	0	no
CCCACCACACACACACACAAAE	13	1	0	no
CCCACCACACCACACACAAABE	13	3	0	CONVEX
CCCACCACACCACACCAABAAE	13	1	0	no
CCCACCACACCACACCAABABE	13	2	0	no
CCCACACACCAACACACCAACAAE	14	4	-	CONFLICT
CCCACACCACACAACCACACAAAE	14	2	0	no
CCCACACCACACAACCACACAABE	14	2	0	no
CCCACACCACACACACACACAAAE	14	1	0	no
CCCACACCACCACACACAABCAAE	14	2	0	no
CCCACCACACAACCACACAACAAE	14	2	0	no
CCCACCACACACACCACACADEAE	14	1	0	no
CCCACCACACCACACACAACAAAE	14	1	0	no
CCCACCACACCACACACAACDEAE	14	3	0	no
CCCACCACACCACACCAACAADEE	14	1	0	no
CCCACCACCACCACACAACDEDEE	14	2	0	CONVEX
CCCACCCACCACCACAACDEDEBE	14	6	0	CONVEX
CCCACACACCACACAACCACACAAAE	15	2	0	no
CCCACACACCACACAACCACACAABE	15	2	0	no
CCCACACACCACACACACACACAAAE	15	1	0	no
CCCACACCACACAACCACACAACAAE	15	1	0	no
CCCACACCACACACACCACACADEAE	15	1	0	no
CCCACCACACCACACACAACCAABAE	15	1	0	no
CCCACCACACCACACCAACACAAAAE	15	1	0	no
CCCACCACACCACACCAACACAAABE	15	1	0	no
CCCACCCACCACCACAACCAACAACAAAAE	17	3	0	CONVEX
CCCACCCACCACCACAACCAACAACAAABE	17	2	0	no
CCCACCCACCACCACAACCAACDECAAAAE	17	5	2	CONVEX
CCCACCCACCACCACACACAACAACAAAAE	17	1	0	no
CCCCACCACACACAACCACACACAACAAAE	17	12	-	CONFLICT
CCCACACACCAACACACCAACACACCAACAAE	18	4	-	CONFLICT
CCCACACACCACACACACCACACACAACADEE	18	2	0	no
CCCACACACCACACACACCACACACACAADEE	18	1	0	no
CCCACACCACACAACCACACAACCACACAAAE	18	2	0	no
CCCACACCACACACACCACACACACACADEAE	18	1	0	no
CCCACACCACCACACACCACAACACAACADEE	18	1	0	no
CCCACACCACCACACACCACACACACAAADEE	18	1	0	no
CCCACCACACAACCACACAACCACACAACAAE	18	2	0	no
CCCACCACACACACCACACACAACCAACAAAE	18	1	0	no
CCCACCACACCACACACAACCACACACAAAAE	18	1	0	no
CCCACCACACCACACCAACACACAACCAABAE	18	1	0	no
CCCACCACACCACACCAACACCAACACAAAAE	18	1	0	no
CCCACCACACCACACCAACACCAACACAAABE	18	1	0	no
CCCACCACACCACACCAACACCAACACDEAAE	18	1	0	no
CCCACCACACCACACCAACACCAACACDEABE	18	2	0	CONVEX
CCCACCACACCACACCACACACAAACCAAABE	18	1	0	no
CCCACCACACCACACCACACACAACACADEAE	18	5	-	CONFLICT
CCCACCACACCACACCACACACACAAACADEE	18	2	0	no
CCCACCACACCACACCACACACACAACAAAAE	18	1	0	no
CCCACCACACCACACCACACACCAABABCAAE	18	2	0	no
CCCACCACACCACACCACACACCAABACAAAE	18	1	0	no
CCCACCACACCACACCACACACDEACCAAABE	18	2	0	no
CCCACCACCACACACCACACACACAACAAABE	18	1	0	no
CCCACCACCACACACCACACACACAACDEABE	18	3	0	no
CCCACCACCACCACACCACACAACAAACDEAE	18	2	0	no
CCCACCACCACCACACCACACAACCAAABDEE	18	1	0	no
CCCACCCACCACCACAACCAACACACAAABBE	18	2	0	CONVEX
CCCACCCACCACCACAACCACAACAACAABBE	18	6	0	CONVEX
CCCACCCACCACCACACACAACAACAAACAAE	18	2	0	CONVEX
CCCACCCACCACCACACCAACAACAADECAAE	18	6	0	CONVEX
CCCACACACCACACAACCACACAACCACACAAAE	19	2	0	no
CCCACACACCACACACACCACACACACACADEAE	19	1	0	no
CCCACACCACACAACCACACAACCACACAACAAE	19	1	0	no
CCCACACCACACACACCACACACAACCAACAAAE	19	1	0	no
CCCACACCACACACACCACACACACACCADEABE	19	1	0	no
CCCACACCACCACACACAACCACACACAACADEE	19	2	0	no
CCCACACCACCACACACCACACACACAACAAABE	19	1	0	no
CCCACACCACCACACACCACACACACAACDEABE	19	3	0	no
CCCACACCACCACACACCACACCACACADABEAE	19	2	0	no
CCCACCACACACACCACACACAACCACAACAAAE	19	1	0	no
CCCACCACACCACACACAACCACACACAABCAAE	19	3	0	no
CCCACCACACCACACACAACCACACACAACAAAE	19	1	0	no
CCCACCACACCACACACACACCACAACACAAABE	19	2	0	CONVEX
CCCACCACACCACACCAACACCAACACAAACAAE	19	1	0	no
CCCACCACACCACACCAACACCAACACCAABAAE	19	1	0	no
CCCACCACACCACACCAACACCAACACCAABABE	19	1	0	no
CCCACCACACCACACCAACACCACACACDEAAAE	19	1	0	no
CCCACCACACCACACCACACACACAACCAAABAE	19	1	0	no
CCCACCACACCACACCACACACCAABACCAAABE	19	1	0	no
CCCACCACACCACACCACACACCAACAACADEAE	19	1	0	no
CCCACCACACCACACCACACACCAACAACADEBE	19	2	0	no
CCCACCACACCACACCACACACCAACACAAAABE	19	1	0	no
CCCACCACCACACACCACACACACAACCAABABE	19	1	0	no
CCCACCACCACACACCACACCACACACAADEDEE	19	4	0	CONVEX
CCCACCACCACCACACAACCACACACACAACDEABE	20	1	0	no
CCCACACCACCACACACCACACACACAACCAABABE	20	1	0	no
CCCACCACACCACACACAACCACACACAACCAAABE	20	1	0	no
CCCACCACACCACACCAACACACAACCAACACAAAE	20	1	0	no
CCCACCACACCACACCAACACACAACCAACACAABE	20	2	0	no
CCCACCACACCACACCAACACCAACACCAABACAAE	20	1	0	no
CCCACCACACCACACCAACACCACACACAAABCAAE	20	2	0	no
CCCACCACACCACACCAACACCACACACAAACAAAE	20	1	0	no
CCCACCACCACCACACCACACAACCAAACDEAAE	19	1	0	no
CCCACCACCACCACACCACACACAACAACDEAAE	19	1	0	no
CCCACCACCACCACACCACACACAACAACDEABE	19	2	0	no
CCCACCACCACCACACCACACACACDEAACAAAE	19	1	0	no
CCCACCCACCACCACAACCAACACACAAACAAAE	19	2	0	no
CCCACCCACCACCACAACCAACCAACACAAAABE	19	1	0	no
CCCACCCACCACCACAACCACAACAACAAACAAE	19	4	0	no
CCCACCCACCACCACAACCACAACAACAACAAAE	19	2	0	no
CCCACCCACCACCACACACAACAACACAACAAAE	19	1	0	no
CCCACCCACCACCACACACACAACAACAAACAAE	19	2	0	no
CCCACCCACCACCACACACACAACAACAACAAAE	19	3	0	CONVEX
CCCACACACCACACAACCACACAACCACACAACAAE	20	1	0	no
CCCACACACCACACACACCACACACAACCAACAAAE	20	1	0	no
CCCACACACCACACACACCACACACACACCADEABE	20	1	0	no
CCCACACCACACACACCACACACAACCACAACAAAE	20	1	0	no
CCCACACCACCACACACACACACAACACACACAAAE	20	1	0	no
CCCACCACACCACACCAACACCACACACDEABCAAE	20	3	0	no
CCCACCACACCACACCAACACCACACACDEACAAAE	20	1	0	no
CCCACCACACCACACCACACACAAACCACACADEBE	20	1	0	no
CCCACCACACCACACCACACACACAACACACAABAE	20	1	0	no
CCCACCACACCACACCACACACACACACCAAAABAE	20	2	0	no
CCCACCACACCACACCACACACCAACAACADECAAE	20	1	0	no
CCCACCACACCACACCACACACCAACACCAAABAAE	20	3	0	no
CCCACCACACCACACCACACACCAACACCAAABABE	20	1	0	no
CCCACCACACCACACCACACACCACACAACADEAAE	20	1	0	no
CCCACCACACCACACCACACACDEACCACACADEBE	20	2	0	no
CCCACCACACCACACDEACCACACAACCACACAAAE	20	4	0	no
CCCACCACACCACACDEACCACACAACCACACAABE	20	4	0	no
CCCACCACCACACACCACACCACACACAACAAAABE	20	2	0	CONVEX
CCCACCACCACACACCACACCACACACAADECADEE	20	2	0	no
CCCACCACCACACACCACACCACACACACDEAADEE	20	2	0	no
CCCACCACCACCACACCACACACAACAACDEACAAE	20	1	0	no
CCCACCACCACCACACCACACACACACAACDEAAAE	20	1	0	no
CCCACCACCACCACACCACACCAACAACAADECAAE	20	1	0	no
CCCACCACCACCACACCACACCAACAACACDEAAAE	20	1	0	no
CCCACCCACCACCACAACCAACCAACACAACAAAAE	20	1	0	no
CCCACCCACCACCACAACCAACCAACCAAACAAAAE	20	4	0	CONVEX
CCCACCCACCACCACAACCAACCAACCAAACAADEE	20	2	0	no
CCCACCCACCACCACAACCACACAACACAAACAAAE	20	3	0	no
CCCACCCACCACCACAACCACACAACACAAACADEE	20	4	0	no
CCCACCCACCACCACAACCACACAACACAACAAAAE	20	2	0	no
CCCACCCACCACCACAACCACACAACACAACAADEE	20	10	-	CONFLICT
CCCACCCACCACCACAACCACACDECACAAACADEE	20	6	0	CONVEX
CCCACCCACCACCACACACAACAACCAACACAAABE	20	1	0	no
CCCACCCACCACCACACACACAACAACACAACAAAE	20	1	0	no
CCCACCCACCACCACACACACACAACACAAACAAAE	20	1	0	no
CCCACCCACCACCACACACACACAACACAAACADEE	20	10	-	CONFLICT
CCCACCCACCACCACACACACACAACACAACAAAAE	20	1	0	no
CCCACACACCACACACACCACACACAACCACAACAAAE	21	1	0	no
CCCACACACCACACACACCACACACACACCADEACAAE	21	1	0	no
CCCACACCACCACACACAACCACACACAACCAACAAAE	21	1	0	no
CCCACACCACCACACACCACAACACAACCACAACAAAE	21	1	0	no
CCCACACCACCACACACCACACACACAACCACADABEE	21	1	0	no
CCCACACCACCACACACCACACCACACACAADECADEE	21	2	0	no
CCCACACCACCACACACCACACCACACACACDEAADEE	21	2	0	no
CCCACCACACAACCACACAACCACACAACCACACAAAE	21	3	0	no
CCCACCACACACACCACACACAACCACACACAAACAAE	21	2	0	no
CCCACCACACACACCACACACACACACACACAAACAAE	21	1	0	no
CCCACCACACACACCACACACACACCAACAACAACAAE	21	1	0	no
CCCACCACACCACACACAACCACACACAACACACAAAE	21	2	0	no
CCCACCACACCACACCACACACCAACACCAAABACAAE	21	1	0	no
CCCACCACACCACACCACACACCACACAACADECAAAE	21	1	0	no
CCCACCACACCACACCACACACDEACCACACACAADEE	21	2	0	no
CCCACCACCACACACCACACACACAACCAACACAAAAE	21	2	0	no
CCCACCACCACACACCACACACACACACAACACAAAAE	21	1	0	no
CCCACCACCACACACCACACCACACACACAAABCADEE	21	2	0	no
CCCACCACCACACACCACACCACACACACAAACADEAE	21	1	0	no
CCCACCACCACACACCACACCACACACACDEABCADEE	21	4	0	no
CCCACCACCACACACCACACCACACACACDEACADEAE	21	2	0	no
CCCACCACCACCACACCACACACACAACACDEACADEE	21	1	0	no
CCCACCACCACCACACCACACACACACAACDEACAAAE	21	1	0	no
CCCACCACCACCACACCACACACACCACAACDEADEBE	21	1	0	no
CCCACCACACCACACCAACACCAACACCAACACAAAAE	21	1	0	no
CCCACCACACCACACCAACACCAACACCAACACAAABE	21	1	0	no
CCCACCACACCACACCAACACCAACACCAACACDEAAE	21	1	0	no
CCCACCACACCACACCAACACCAACACCAACACDEABE	21	2	0	CONVEX
CCCACCACACCACACCAACACCACACACAAACCAAABE	21	1	0	no
CCCACCACACCACACCAACACCACACACCAABABCAAE	21	2	0	no
CCCACCACACCACACCAACACCACACACCAABACAAAE	21	1	0	no
CCCACCACACCACACCAACACCACACACDEACCAAABE	21	1	0	no
CCCACCACACCACACCACACACACAACACACAACAAAE	21	1	0	no
CCCACCACACCACACCACACACACAACACACAACAABE	21	3	0	no
CCCACCACACCACACCACACACACAACCAAACACAABE	21	2	0	no
CCCACCACACCACACCACACACACAACCACACADAEAE	21	2	0	no
CCCACCACACCACACCACACACCAABACCACACADEBE	21	1	0	no
CCCACCACACCACACCACACACCAACACACAACADEAE	21	1	0	no
CCCACCACACCACACCACACACCAACACACACAABDEE	21	1	0	no
CCCACACCACCACACACAACCACACACAACCACAACAAAE	22	1	0	no
CCCACACCACCACACACCACACACACAACACACACADEAE	22	1	0	no
CCCACACCACCACACACCACACACACAACCAACACAAAAE	22	2	0	no
CCCACACCACCACACACCACACACACACACAACACAAAAE	22	1	0	no
CCCACACCACCACACACCACACCACACACAACACAABABE	22	2	0	no
CCCACACCACCACACACCACACCACACACACAAABCADEE	22	2	0	no
CCCACACCACCACACACCACACCACACACACAAACADEAE	22	1	0	no
CCCACACCACCACACACCACACCACACACACDEABCADEE	22	4	0	no
CCCACACCACCACACACCACACCACACACACDEACADEAE	22	2	0	no
CCCACCACACAACCACACAACCACACAACCACACAACAAE	22	2	0	no
CCCACCACCACCACACCACACCAACAACACAAABCAAE	21	1	0	no
CCCACCACCACCACACCACACCAACAACACDEABCAAE	21	3	0	no
CCCACCACCACCACACCACACCAACAACACDEACAAAE	21	1	0	no
CCCACCACCACCACACCACACCAACACACAACAAAABE	21	2	0	no
CCCACCACCACCACACCACACCAACCAACAACAAAABE	21	1	0	no
CCCACCACCACCACACCACACCAACCAACACDEABDEE	21	2	0	no
CCCACCACCACCACACCACACCAACCAACACDEADEBE	21	1	0	no
CCCACCACCACCACACCACACCACAACACAADECADEE	21	1	0	no
CCCACCCACCACCACAACCACACAACACAACAACAABE	21	2	0	no
CCCACCCACCACCACAACCACACACACACAAACAAAAE	21	3	0	no
CCCACCCACCACCACACACAACCAACCAACACAABDEE	21	1	0	no
CCCACCCACCACCACACACACACAACCAACAACADEAE	21	1	0	no
CCCACCCACCACCACACACACACAACCAACAACADEBE	21	2	0	no
CCCACCCACCACCACACACACACAACCAACACAAAABE	21	1	0	no
CCCACCCACCACCACACACACACACACACAAACAAAAE	21	1	0	no
CCCACCCACCACCACACACCACAACAACACAACAAAAE	21	3	0	CONVEX
CCCACCCACCACCACACCAACAACACACAACCAAABAE	21	3	0	CONVEX
CCCACACACCAACACACCAACACACCAACACACCAACAAE	22	4	-	CONFLICT
CCCACACCACACAACCACACAACCACACAACCACACAAAE	22	2	0	no
CCCACACCACACAACCACACAACCACACAACCACACAABE	22	2	0	no
CCCACACCACACACACCACACACAACCACACACAAACAAE	22	2	0	no
CCCACACCACACACACCACACACACACACACACAAACAAE	22	1	0	no
CCCACACCACACACACCACACACACACCAACAACAACAAE	22	1	0	no
CCCACCACACCACACCACACACCAACACACACAACAAAAE	22	1	0	no
CCCACCACACCACACCACACACCAACACACACAACAAABE	22	2	0	no
CCCACCACACCACACCACACACCAACACACACAACDEAAE	22	1	0	no
CCCACCACACCACACCACACACCAACACACACAACDEABE	22	3	0	no
CCCACCACACCACACCACACACCAACACCAAACACAAABE	22	1	0	no
CCCACCACACCACACCACACACCAACACCAAACACDEABE	22	2	0	no
CCCACCACACCACACCACACACCAACACCACACADABEAE	22	2	0	no
CCCACCACACCACACCACACACCACACACACACAAABABE	22	3	0	CONVEX
CCCACCACACCACACCACACACCACACACCAAABACAAAE	22	1	0	no
CCCACCACACCACACCACACACCACACACCAAACAADEAE	22	2	0	no
CCCACCACACCACACCACACACDEACCACACACAACAAAE	22	2	0	no
CCCACCACACCACACCACACACDEACCACACACAACADEE	22	4	0	no
CCCACCACACACACCACACACACACCACAACACAACADEE	22	1	0	no
CCCACCACACACACCACACACACACCACACACADEACAAE	22	1	0	no
CCCACCACACCACACACAACCACACACAACCACACADEAE	22	2	0	no
CCCACCACACCACACACAACCACACACAACCACACADEBE	22	1	0	no
CCCACCACACCACACACACACCACAACACAACACAACAAE	22	2	0	CONVEX
CCCACCACACCACACCAACACCAACACCAACACAAACAAE	22	1	0	no
CCCACCACACCACACCAACACCAACACCAACACCAABAAE	22	1	0	no
CCCACCACACCACACCAACACCAACACCAACACCAABABE	22	1	0	no
CCCACCACACCACACCAACACCACACACCAABACCAAABE	22	1	0	no
CCCACCACACCACACCAACACCACACACCAACAACADEAE	22	1	0	no
CCCACCACACCACACCAACACCACACACCAACAACADEBE	22	2	0	no
CCCACCACACCACACCAACACCACACACCAACACAAAABE	22	1	0	no
CCCACCACACCACACCACACACACAACACACAACAACAAE	22	1	0	no
CCCACCACCACACACCACACACACACACCAACACAADEAE	22	1	0	no
CCCACCACCACACACCACACCACACACACAAACCADEABE	22	1	0	no
CCCACCACCACACACCACACCACACACACACAACADEAAE	22	1	0	no
CCCACCACCACACACCACACCACACACACCAABABCADEE	22	2	0	no
CCCACCACCACACACCACACCACACACACCAABACADEAE	22	1	0	no
CCCACCACCACACACCACACCACACACACDEACCADEABE	22	2	0	no
CCCACCACCACCACAACACCACACCACAACACCADEBAAE	22	1	0	no
CCCACCACCACCACACCACACACACACAACACAAACADEE	22	1	0	no
CCCACCACCACCACACCACACACACCAACACCAABADEBE	22	1	0	no
CCCACACCACCACACACCACACACACAACACAACACAACAAE	23	1	0	no
CCCACACCACCACACACCACACACACACACCAACACAADEAE	23	1	0	no
CCCACACCACCACACACCACACCACACACACAAACCADEABE	23	1	0	no
CCCACACCACCACACACCACACCACACACACACAACADEAAE	23	1	0	no
CCCACACCACCACACACCACACCACACACACCAABABCADEE	23	2	0	no
CCCACACCACCACACACCACACCACACACACCAABACADEAE	23	1	0	no
CCCACACCACCACACACCACACCACACACACDEACCADEABE	23	2	0	no
CCCACCACACACACCACACACAACCACACACAACCAACADEE	23	1	0	no
CCCACCACACACACCACACACACACCACACACACAACDEABE	23	1	0	no
CCCACCACACCACACACAACCACACACAACCACACACAADEE	23	1	0	no
CCCACCACACCACACACACACACACACACACACACACADEAE	23	1	0	no
CCCACCACACCACACCAACACCAACACCAACACCAABACAAE	23	1	0	no
CCCACCACACCACACCAACACCACACACAAACCACACADEAE	23	2	0	no
CCCACCACACCACACCAACACCACACACAAACCACACADEBE	23	1	0	no
CCCACCACACCACACCAACACCACACACCAACAACADECAAE	23	1	0	no
CCCACCACACCACACCAACACCACACACCAACACCAAABAAE	23	1	0	no
CCCACCACACCACACCAACACCACACACCAACACCAAABABE	23	1	0	no
CCCACCACCACCACACCACACACACCACAACCAABADEBE	22	2	0	no
CCCACCACCACCACACCACACCAACACACACADECAAABE	22	1	0	no
CCCACCACCACCACACCACACCAACCAACACDEABCAAAE	22	2	0	no
CCCACCACCACCACACCACACCAACCAACACDEACAAAAE	22	1	0	no
CCCACCACCACCACACCACACCAACCAACACDEACDEDEE	22	1	0	no
CCCACCACCACCACACCACACCAACCACACAACAAAABBE	22	1	0	no
CCCACCACCACCACACCACACCACAACACACAAABCADEE	22	1	0	no
CCCACCACCACCACACCACACCACAACACACDEABCAAAE	22	2	0	no
CCCACCACCACCACACCACACCACAACACACDEABCADEE	22	3	0	no
CCCACCACCACCACACCACACCACAACACACDEACAAAAE	22	1	0	no
CCCACCACCACCACACCACACCACACACACAADECAAAAE	22	2	0	no
CCCACCCACCACCACAACCAACCAACCAAACCAACAADEE	22	2	0	no
CCCACCCACCACCACAACCAACCACACCAAACCAAADEBE	22	3	0	no
CCCACCCACCACCACAACCACACAACACAACCAACAADEE	22	2	0	no
CCCACCCACCACCACAACCACACACACACAAACACAAABE	22	3	0	no
CCCACCCACCACCACAACCACACCAACCACAACADEDEBE	22	2	0	no
CCCACCCACCACCACACACAACAACCACACACAAACAAAE	22	1	0	no
CCCACCCACCACCACACACAACCACAACACACAABCAAAE	22	1	0	no
CCCACCCACCACCACACACACACAACCACACAACADEAAE	22	1	0	no
CCCACCCACCACCACACACACACACACACAAACACAAABE	22	1	0	no
CCCACCCACCACCACACACACACACACACAACAACAAABE	22	1	0	no
CCCACCCACCACCACACACACACCAACCAACACADEDEAE	22	1	0	no
CCCACCCACCACCACACACACACCAACCACAAACAADEAE	22	1	0	no
CCCACCCACCACCACACACCAACCAACCAACAACAADEAE	22	1	0	no
CCCACCCACCACCACACACCAACCAACCAACAACAADEBE	22	1	0	no
CCCACCCACCACCACACACCAACCAACCAACAACDEDEBE	22	2	0	no
CCCACCCACCACCACACACCACAACAACACAACACAAABE	22	1	0	no
CCCACCCACCACCACACCAACACACAACAACCAABACAAE	22	0	2	CONVEX
CCCCACCACACACAACCACACACAACCACACACAACAAAE	22	12	-	CONFLICT
CCCCACCACCACACCACACACACACAACCAACAACADEAE	22	0	2	no
CCCACACACCACACAACCACACAACCACACAACCACACAAAE	23	2	0	no
CCCACACACCACACAACCACACAACCACACAACCACACAABE	23	2	0	no
CCCACACACCACACACACCACACACAACCACACACAAACAAE	23	2	0	no
CCCACACACCACACACACCACACACACACACACACAAACAAE	23	1	0	no
CCCACACACCACACACACCACACACACACCAACAACAACAAE	23	1	0	no
CCCACACCACACAACCACACAACCACACAACCACACAACAAE	23	1	0	no
CCCACACCACACACACCACACACACACCACAACACAACADEE	23	1	0	no
CCCACACCACACACACCACACACACACCACACACADEACAAE	23	1	0	no
CCCACACCACCACACACACACCACAACACACACACAAACAAE	23	1	0	no
CCCACCACACCACACCAACACCACACACDEACCACACADEAE	23	2	0	no
CCCACCACACCACACCAACACCACACACDEACCACACADEBE	23	1	0	no
CCCACCACACCACACCACACACACAACCACACACACAAADEE	23	2	0	no
CCCACCACACCACACCACACACACAACCACACACACAABDEE	23	2	0	no
CCCACCACACCACACCACACACCAACACACACAACAAACAAE	23	1	0	no
CCCACCACACCACACCACACACCAACACACACAACCAABAAE	23	1	0	no
CCCACCACACCACACCACACACCAACACACACAACCAABABE	23	2	0	no
CCCACCACACCACACCACACACCAACACACACAACDEACAAE	23	1	0	no
CCCACCACACCACACCACACACCAACACACACACACDEADEE	23	1	0	no
CCCACCACACCACACCACACACCAACACCAAACACCAABABE	23	1	0	no
CCCACCACACCACACCACACACCACACAACADECACACAAAE	23	2	0	no
CCCACCACACCACACCACACACCACACACACACAAACADEAE	23	1	0	no
CCCACCACACCACACCACACACCACACACACACAACAAAABE	23	2	0	no
CCCACCACACCACACCACACACCACACACCAAABACCAAABE	23	1	0	no
CCCACCACACCACACCACACACCACACACCAAACAACAAABE	23	2	0	no
CCCACCACACCACACCACACACCACACACCAAACAACADEBE	23	4	0	no
CCCACCACACCACACCACACACCACACACCAAACACAAAABE	23	1	0	no
CCCACCACACCACACCACACACDEACCACACACAACACAABE	23	2	0	no
CCCACCACCACCACACACACACACACACACACACACADEAAE	23	1	0	no
CCCACCACCACACACCACACACACAACCACACACACAAADEE	23	1	0	no
CCCACCACCACACACCACACCACACACACACAACCADEABAE	23	1	0	no
CCCACCACCACACACCACACCACACACACCAABACCADEABE	23	1	0	no
CCCACCACCACACACCACACCACACACACCAACACADEAABE	23	1	0	no
CCCACCACCACCACACAACCACACACACAACCAACACAAAAE	23	2	0	no
CCCACCACCACCACACAACCACACCACACAACCAAACAAAAE	23	1	0	no
CCCACCACCACCACACACACCAACCACACACAACCAAABABE	23	1	0	no
CCCACCACCACCACACCACACAACCACAACCACACAAADEBE	23	1	0	no
CCCACCACCACCACACCACACACACACAACCAACAACAAAAE	23	1	0	no
CCCACCACCACCACACCACACACACACAACCAACAACADEBE	23	1	0	no
CCCACCACCACCACACCACACACACCACAACDEACAACAAAE	23	1	0	no
CCCACCACCACCACACCACACACACCACACACCAABADEBAE	23	1	0	no
CCCACCACCACCACACCACACCAACCAACACDEACAACAAAE	23	1	0	no
CCCACCACCACCACACCACACCAACCAACACDEACCAAAABE	23	1	0	no
CCCACCCACCACCACACACCAACCAACCACACAACDEDEAAE	23	1	0	no
CCCACACACCACACAACCACACAACCACACAACCACACAACAAE	24	1	0	no
CCCACACACCACACACACCACACACACACCACAACACAACADEE	24	1	0	no
CCCACACACCACACACACCACACACACACCACACACADEACAAE	24	1	0	no
CCCACACCACACACACCACACACAACCACACACAACCAACADEE	24	1	0	no
CCCACACCACACACACCACACACACACCACACACACAACDEABE	24	1	0	no
CCCACACCACCACACACAACCACACACAACCACACACAAACAAE	24	2	0	no
CCCACACCACCACACACCACAACACACACCACAACACAACADEE	24	1	0	no
CCCACACCACCACACACCACACACACAACCAACACACAACDEAE	24	1	0	no
CCCACACCACCACACACCACACACACAACCACACACACAAADEE	24	1	0	no
CCCACACCACCACACACCACACCACACACACACAACCADEABAE	24	1	0	no
CCCACACCACCACACACCACACCACACACACCAABACCADEABE	24	1	0	no
CCCACACCACCACACACCACACCACACACACCAACACADEAABE	24	1	0	no
CCCACACCACCACACACCACACCACACACACCACADABCADEEE	24	2	0	no
CCCACACCACCACACACCACACCACACACACDEACCADEACAAE	24	2	0	no
CCCACCACACACACCACACACAACCACACACAACACACACAAAE	24	1	0	no
CCCACCACACACACCACACACACACACACACAACACACACAAAE	24	1	0	no
CCCACCACACCACACACAACCACACACAACCACACACAACAAAE	24	1	0	no
CCCACCACACCACACACAACCACACACAACCACACACAACADEE	24	3	0	no
CCCACCACCACCACACCACACCACAACACACDEABCACAABE	23	2	0	no
CCCACCACCACCACACCACACCACAACACACDEACACAABAE	23	1	0	no
CCCACCACCACCACACCACACCACACACACAACAAACAAAAE	23	1	0	no
CCCACCACCACCACACCACACCACACACACACDEABCAAAAE	23	2	0	no
CCCACCACCACCACACCACACCACACACACACDEACDEADEE	23	1	0	no
CCCACCCACCACCACAACCAACCACACACAACCAAACAADEE	23	1	0	no
CCCACCCACCACCACAACCAACCACACACAACCAAACADAEE	23	2	0	no
CCCACCCACCACCACAACCAACCACACCAAACCAAACAADEE	23	3	0	no
CCCACCCACCACCACAACCAACCACACCAAACCAAACADAEE	23	5	0	no
CCCACCCACCACCACAACCAACCACACCAAACCAACAAADEE	23	2	0	no
CCCACCCACCACCACAACCACACAACACAACACACAACAAAE	23	2	0	no
CCCACCCACCACCACAACCACACAACCACAACAACAAACAAE	23	8	-	CONFLICT
CCCACCCACCACCACAACCACACACACACAACCAAACADAEE	23	3	0	no
CCCACCCACCACCACAACCACACACACACAACCAACAAADEE	23	2	0	no
CCCACCCACCACCACAACCACACCAACCACAAACACADEABE	23	3	0	no
CCCACCCACCACCACAACCACACCAACCACAACADECAABBE	23	2	0	no
CCCACCCACCACCACACACAACCACACACACACAABCAAAAE	23	1	0	no
CCCACCCACCACCACACACACACAACACAACACACAACAAAE	23	1	0	no
CCCACCCACCACCACACACACACAACCAACACACACAABDEE	23	1	0	no
CCCACCCACCACCACACACACACAACCACACAACADECAAAE	23	1	0	no
CCCACCCACCACCACACACACACACACAACACAACACAAAAE	23	1	0	no
CCCACCCACCACCACACACACACCAACACACACAACAAADEE	23	1	0	no
CCCACCCACCACCACACACACACCAACCACAAACACADEABE	23	1	0	no
CCCACCCACCACCACACACACACCAACCACAACAACADEABE	23	1	0	no
CCCACCCACCACCACACACACACCAACCACAACADECAABBE	23	1	0	no
CCCACCACACCACACCACACACACAACCACACACACAACADEAE	24	2	0	no
CCCACCACACCACACCACACACACACACCACAACACAAABCAAE	24	1	0	no
CCCACCACACCACACCACACACCAACACACACAACCAABACAAE	24	1	0	no
CCCACCACACCACACCACACACCAACACACACAACCAACAADEE	24	1	0	no
CCCACCACACCACACCACACACCAACACCACACACACAAABDEE	24	1	0	no
CCCACCACACCACACCACACACCAACACCACACACACDEAADEE	24	2	0	no
CCCACCACACCACACCACACACCAACACCACACACACDEABDEE	24	2	0	no
CCCACCACACCACACACACACCACACACACAACCAACACAAAAE	24	1	0	no
CCCACCACACCACACCAACACCAACACCAACACCAACACAAAAE	24	1	0	no
CCCACCACACCACACCAACACCAACACCAACACCAACACAAABE	24	1	0	no
CCCACCACACCACACCAACACCAACACCAACACCAACACDEAAE	24	1	0	no
CCCACCACACCACACCAACACCAACACCAACACCAACACDEABE	24	2	0	CONVEX
CCCACCACACCACACCAACACCACACACCAABACCACACADEAE	24	2	0	no
CCCACCACACCACACCAACACCACACACCAABACCACACADEBE	24	1	0	no
CCCACCACACCACACCAACACCACACACCAACACACACAABDEE	24	1	0	no
CCCACCACACCACACCAACACCACACACCAACACCAAABACAAE	24	1	0	no
CCCACCACACCACACCAACACCACACACDEACCACACACAADEE	24	1	0	no
CCCACCACACCACACCACACACACAACCACACACACAABCAAAE	24	2	0	no
CCCACCACACCACACCACACACACAACCACACACACAABCADEE	24	4	0	no
CCCACCACACCACACCACACACACAACCACACACACAACAAAAE	24	1	0	no
CCCACCACCACACACCACACACACAACCACACACACAAACAAAE	24	1	0	no
CCCACCACCACACACCACACACACAACCACACACACAAACADEE	24	3	0	no
CCCACCACCACACACCACACACACACACACACACACAAACADEE	24	2	0	no
CCCACCACCACACACCACACACACACACACACACACAACAADEE	24	1	0	no
CCCACCACACCACACCACACACCACACACACACAACCAAABAAE	24	1	0	no
CCCACCACACCACACCACACACCACACACACACAACCAAABABE	24	2	0	no
CCCACCACACCACACCACACACCACACACCAAACAACACAABBE	24	2	0	no
CCCACCACACCACACCACACACCACACACCAAACACAACAABBE	24	1	0	no
CCCACCACACCACACCACACACCACACACCAAACACCAAABABE	24	1	0	no
CCCACCACACCACACCACACACCACACACCACACADABCAAEAE	24	3	0	no
CCCACCACACCACACDEACCACACAACCACACAACCACACAAAE	24	4	0	no
CCCACCACCACACACCACACCACACACACACAACAACAAACAAE	24	1	0	no
CCCACCACCACACACCACACCACACACACCAACACCADEABAAE	24	3	0	no
CCCACCACCACACACCACACCACACACACCAACACCADEABABE	24	1	0	no
CCCACCACCACCACACAACCACACCACACAACCAACAACAAAAE	24	1	0	no
CCCACCACCACCACACACACACACCACACACACAACAACADEAE	24	1	0	no
CCCACCACCACCACACACACCAACCACACACACACDECADEAAE	24	1	0	no
CCCACCACCACCACACACACCACACACACACAACDEACACAAAE	24	1	0	no
CCCACCACCACCACACACACCACACCACACACAACAAACDEAAE	24	1	0	no
CCCACCACCACCACACCACACAACCACACACACACAAACADEAE	24	1	0	no
CCCACCACCACCACACCACACACACACACACAACACACADEAAE	24	1	0	no
CCCACCACCACCACACCACACCAACAACACCAACACCAAABAAE	24	2	0	no
CCCACCACCACCACACCACACCAACCAACACDEACCAABCAABE	24	1	0	no
CCCACCACCACCACACCACACCAACCAACACDEACCAACAADEE	24	1	0	no
CCCACCACCACCACACCACACCACAACACACDEACACAACAAAE	24	1	0	no
CCCACCACCACCACACCACACCACAACACACDEACCACAABABE	24	1	0	no
CCCACCACCACCACACCACACCACACACACACDEABCACAAABE	24	2	0	no
CCCACCACCACCACACCACACCACACACACACDEACACAAABAE	24	1	0	no
CCCACCACCACCACACCACACCACACCACACACAAABCADEDEE	24	2	0	no
CCCACCACCACCACACCACACCACACCACACACDEABCADEDEE	24	2	0	no
CCCACCACCACCACACCACACCACACCACACACDEACADEDEAE	24	1	0	no
CCCACCACCACCACACCACACCACACCACACACDEACDEAADEE	24	1	0	no
CCCACCCACCACCACAACCAACCACACCAAACCAACCAAABDEE	24	2	0	no
CCCACCCACCACCACAACCAACCACACCACAACCAAACAADBEE	24	1	0	no
CCCACCCACCACCACAACCACACACACACAACACAACACAAAAE	24	3	0	no
CCCACCCACCACCACAACCACACACACACAACACAACACAAABE	24	2	0	no
CCCACCCACCACCACAACCACACACACACAACACACAAACAAAE	24	2	0	no
CCCACCCACCACCACAACCACACCAACCACAACCADECAADBEE	24	2	0	no
CCCACCCACCACCACACACAACCACACACACACAABCACAAABE	24	1	0	no
CCCACCCACCACCACACACACACAACCAACACACACAACAAAAE	24	1	0	no
CCCACCCACCACCACACACACACAACCAACACACACAACAAABE	24	2	0	no
CCCACCCACCACCACACACACACAACCAACACACACAACDEAAE	24	1	0	no
CCCACCCACCACCACACACACACACACACAACACAACACAAABE	24	1	0	no
CCCACCCACCACCACACACACACACACACAACACACAAACAAAE	24	1	0	no
CCCACCCACCACCACACACACACCAACCACAACACAACDEAAAE	24	1	0	no
CCCACCCACCACCACACACACACCAACCACACAACACADEDEAE	24	1	0	no
CCCACCCACCACCACACACACACCACACACACACADECAAAABE	24	1	0	no
CCCACCCACCACCACACACCAACCAACCAACAACCAABDECAAE	24	1	0	no
CCCACCCACCACCACACACCAACCAACCACACAACAADECAAAE	24	1	0	no
CCCACCCACCACCACACACCAACCAACCACACAACDEDECAAAE	24	1	0	no
CCCACCCACCACCACACACCAACCAACCACACACAAACAAADEE	24	2	0	no
CCCACCCACCACCACACACCACAACAACACACACACAAACAAAE	24	1	0	no
CCCACCCACCACCACACCAACAACACACACACCAAACACAAABE	24	1	0	no
CCCACCCACCACCACACCAACAACACCACACACCAAACAADEAE	24	6	0	CONVEX
CCCACCCACCACCACACCACACACACACACAACAACACAAABAE	24	1	0	CONVEX
CCCACACACCACACACACCACACACAACCACACACAACCAACADEE	25	1	0	no
CCCACACACCACACACACCACACACACACCACACACACAACDEABE	25	1	0	no
CCCACACCACACACACCACACACAACCACACACAACACACACAAAE	25	1	0	no
CCCACACCACACACACCACACACACACACACACAACACACACAAAE	25	1	0	no
CCCACACCACCACACACCACACACACAACCACACACACAAACAAAE	25	1	0	no
CCCACACCACCACACACCACACACACAACCACACACACAAACADEE	25	3	0	no
CCCACACCACCACACACCACACACACACACACACACACAAACADEE	25	2	0	no
CCCACACCACCACACACCACACACACACACACACACACAACAADEE	25	1	0	no
CCCACACCACCACACACCACACACACACACCACAAACACAACADEE	25	1	0	no
CCCACACCACCACACACCACACCACACACACACAACAACAAACAAE	25	1	0	no
CCCACACCACCACACACCACACCACACACACACACACCADEAABAE	25	2	0	no
CCCACACCACCACACACCACACCACACACACCAACACCADEABAAE	25	3	0	no
CCCACACCACCACACACCACACCACACACACCAACACCADEABABE	25	1	0	no
CCCACCACACAACCACACAACCACACAACCACACAACCACACAAAE	25	3	0	no
CCCACCACACACACCACACACACACCACAACACAACCACAACAAAE	25	1	0	no
CCCACCACACACACCACACACACACCACACACADECACACACAAAE	25	1	0	no
CCCACCACACCACACACAACCACACACAACCACACACAACACAABE	25	1	0	no
CCCACCACACCACACACACACCACAACACACACCACAACACAAABE	25	2	0	CONVEX
CCCACCACACCACACCACACACCAACACACACAACCAACACAAAAE	25	1	0	no
CCCACCACACCACACCACACACCAACACACACAACCAACACAAABE	25	1	0	no
CCCACCACACCACACCACACACCAACACCAAACACCAACACDEAAE	25	1	0	no
CCCACCACACCACACCACACACCACACACCACACACAACADEADEE	25	2	0	no
CCCACCACACCACACCACACACCACACACCACACACACAAAABDEE	25	1	0	no
CCCACCACACCACACCACACACDEACCACACACAACCACAACAABE	25	2	0	no
CCCACCACACCACACCAACACCAACACCAACACCAACACAAACAAE	25	1	0	no
CCCACCACACCACACCAACACCAACACCAACACCAACACCAABAAE	25	1	0	no
CCCACCACACCACACCAACACCAACACCAACACCAACACCAABABE	25	1	0	no
CCCACCACACCACACCAACACCACACACCAACACACACAACAAAAE	25	1	0	no
CCCACCACACCACACCAACACCACACACCAACACACACAACAAABE	25	2	0	no
CCCACCACACCACACCAACACCACACACCAACACACACAACDEAAE	25	1	0	no
CCCACCACACCACACCAACACCACACACCAACACACACAACDEABE	25	3	0	no
CCCACCACACCACACCAACACCACACACCAACACCAAACACAAABE	25	1	0	no
CCCACCACACCACACCAACACCACACACCAACACCAAACACDEABE	25	2	0	no
CCCACCACACCACACCAACACCACACACCAACACCACACADABEAE	25	2	0	no
CCCACCACACCACACCAACACCACACACDEACCACACACAACAAAE	25	1	0	no
CCCACCACACCACACCAACACCACACACDEACCACACACAACADEE	25	3	0	no
CCCACCACACCACACCACACACACAACCACACACACAABCACAABE	25	2	0	no
CCCACCACACCACACCACACACACAACCACACACACAACAACAAAE	25	1	0	no
CCCACCACACCACACCACACACACAACCACACACACAACACAABAE	25	1	0	no
CCCACCACACCACACCACACACACAACCACACACACAACCAAAABE	25	1	0	no
CCCACCACACCACACCACACACACAACCACACACACAACCADEABE	25	2	0	no
CCCACCACCACACACCACACACACAACCACACACACAAACACAABE	25	1	0	no
CCCACCACCACACACCACACACACACACACACACACAACACADEAE	25	1	0	no
CCCACCACCACACACCACACACACACACCACACACACADEACADEE	25	2	0	no
CCCACCACCACACACCACACACACACACCACACACACADECAADEE	25	1	0	no
CCCACCACCACACACCACACCACACACACACAACACAACAACAABE	25	1	0	no
CCCACCACACCACACCACACACCAACACCACACACACAAABCAAAE	25	1	0	no
CCCACCACACCACACCACACACCAACACCACACACACAAABCADEE	25	3	0	no
CCCACCACACCACACCACACACCAACACCACACACACAAACAAAAE	25	1	0	no
CCCACCACACCACACCACACACCAACACCACACACACAAACADEAE	25	2	0	no
CCCACCACACCACACCACACACCAACACCACACACACCAABABDEE	25	1	0	no
CCCACCACACCACACCACACACCAACACCACACACACDEABCAAAE	25	2	0	no
CCCACCACACCACACCACACACCAACACCACACACACDEABCADEE	25	4	0	no
CCCACCACACCACACCACACACCAACACCACACACACDEACAAAAE	25	1	0	no
CCCACCACACCACACCACACACCAACACCACACACACDEACADEAE	25	2	0	no
CCCACCACACCACACCACACACCACACACACAACACCADEACAAAE	25	1	0	no
CCCACCACACCACACCACACACCACACACACACAACACACAAADEE	25	2	0	no
CCCACCACACCACACCACACACCACACACACACAACCAAABACAAE	25	1	0	no
CCCACCACACCACACCACACACCACACACACACAACCAAACAADEE	25	1	0	no
CCCACCACACCACACCACACACCACACACCAAABACCACACADEBE	25	1	0	no
CCCACCACACCACACCACACACCACACACCAAACACACAACADEAE	25	1	0	no
CCCACCACACCACACCACACACCACACACCAAACACACACAABDEE	25	1	0	no
CCCACCACCACACACCACACCACACACACACACAACACAAACADEE	25	1	0	no
CCCACCACCACCACAACACCACACCACAACACCACAACACAAABBE	25	1	0	no
CCCACCACCACCACAACACCACACCACAACACCACAACCAAAABBE	25	2	0	no
CCCACCACCACCACACAACCACACACACAACCACACACACAAADEE	25	1	0	no
CCCACCACCACCACACAACCACACACACAACCACACACACAABDEE	25	1	0	no
CCCACCACCACCACACCACACACACACAACACAACACACAACAABE	25	2	0	no
CCCACCACCACCACACCACACACACCACAACACAACAACAAACAAE	25	1	0	no
CCCACCACCACCACACCACACCAACCAACACACAACAACAAACAAE	25	1	0	no
CCCACCACCACCACACCACACCAACCACACACAACACDECADEAAE	25	1	0	no
CCCACCACCACCACACCACACCAACCACACACACAACAAACADEAE	25	1	0	no
CCCACCACCACCACACCACACCACAACACACCAACACCADEABAAE	25	2	0	no
CCCACCACCACCACACCACACCACAACACACDEACCACAACADEAE	25	1	0	no
CCCACCACCACCACACCACACCACAACACACDEACCACAACADEBE	25	1	0	no
CCCACCACCACCACACCACACCACACACACAACAACDEACACAAAE	25	1	0	no
CCCACCACCACCACACCACACCACACACACACDEACAACACAAAAE	25	2	0	no
CCCACCACCACCACACCACACCACACACACACDEACACAAACAAAE	25	1	0	no
CCCACCACCACCACACCACACCACACACACACDEACCACAAABABE	25	1	0	no
CCCACCACCACCACACCACACCACACCACACACDEACAAACAAAAE	25	1	0	no
CCCACCACCACCACACCACACCACACCACACACDEACCADEDEABE	25	3	0	no
CCCACCACCACCACACCACACCACACCACACACDEACDEACADEAE	25	1	0	no
CCCACCCACCACCACAACCAACCACACCAAACCAACACAACDEAAE	25	2	0	no
CCCACCCACCACCACAACCAACCACACCACAACCAAACAACAAABE	25	1	0	no
CCCACCCACCACCACAACCACACAACACAACCACACAACAACAAAE	25	2	0	no
CCCACCCACCACCACAACCACACACACACAACCAACACACADEBAE	25	2	0	no
CCCACCCACCACCACAACCACACACACACAACCACAACACAAABAE	25	2	0	no
CCCACCCACCACCACAACCACACCAACCACAAACACACAACADEAE	25	3	0	no
CCCACCCACCACCACAACCACACCAACCACAACACAACAACAAAAE	25	2	0	no
CCCACCCACCACCACAACCACACCAACCACAACACAACAACAAABE	25	2	0	no
CCCACCCACCACCACAACCACACCAACCACAACACAACDECAAAAE	25	3	0	no
CCCACCCACCACCACAACCACACCAACCACAACACACADEACAAAE	25	2	0	no
CCCACCCACCACCACAACCACACCACACCACAAACACAADECADEE	25	4	0	no
CCCACCCACCACCACAACCACACCACACCACAACCADECAAADBEE	25	2	0	no
CCCACCCACCACCACACACAACCACACACACACAACAACACAAAAE	25	1	0	no
CCCACCCACCACCACACACACACAACCACACACACACAAACADEAE	25	9	-	CONFLICT
CCCACCCACCACCACACACACACAACCACACACACACAACAAAABE	25	2	0	no
CCCACCCACCACCACACACACACCAACCACAAACACACAACADEAE	25	1	0	no
CCCACCCACCACCACACACACACCAACCACAACACAACAACAAAAE	25	1	0	no
CCCACCCACCACCACACACACACCAACCACAACACAACAACAAABE	25	1	0	no
CCCACCCACCACCACACACACACCAACCACAACACAACDECAAAAE	25	2	0	no
CCCACCCACCACCACACACACACCAACCACAACACAACDECAAABE	25	1	0	no
CCCACCCACCACCACACACACACCAACCACAACACACADEACAAAE	25	1	0	no
CCCACACACCAACACACCAACACACCAACACACCAACACACCAACAAE	26	4	-	CONFLICT
CCCACACACCACACACACCACACACAACCACACACAACACACACAAAE	26	1	0	no
CCCACACACCACACACACCACACACACACACACACAACACACACAAAE	26	1	0	no
CCCACACCACACAACCACACAACCACACAACCACACAACCACACAAAE	26	2	0	no
CCCACACCACACACACCACACACACACCACAACACAACCACAACAAAE	26	1	0	no
CCCACACCACACACACCACACACACACCACACACADECACACACAAAE	26	1	0	no
CCCACACCACCACACACAACCACACACAACCACACACAACCAACADEE	26	1	0	no
CCCACACCACCACACACACACCACAACACACACACAACACACACAAAE	26	1	0	no
CCCACCCACCACCACACACACACCACACCACAAACACAADECADEE	25	2	0	no
CCCACCCACCACCACACACACACCACACCACAAACACACAAABABE	25	1	0	no
CCCACCCACCACCACACACACACCACACCACAACAACACAAABABE	25	1	0	no
CCCACCCACCACCACACACCAACCAACCAACAACCAACAACAAABE	25	1	0	no
CCCACCCACCACCACACACCAACCAACCAACAACCAACDECAAABE	25	1	0	no
CCCACCCACCACCACACACCAACCAACCAACACACAACAACAAAAE	25	1	0	no
CCCACCCACCACCACACACCAACCAACCACACAACCAABDECAAAE	25	1	0	no
CCCACCCACCACCACACACCACACACACACACAACACACAAABABE	25	1	0	no
CCCACCCACCACCACACACCACACACACACACAACCAAABACAAAE	25	1	0	no
CCCACCCACCACCACACCAACAACACCACACACCAAACACAAAABE	25	3	0	no
CCCACCCACCACCACACCACACACACACACAACAACACAAACAAAE	25	1	0	no
CCCACACCACCACACACCACACACACAACCACACACACAAACACAABE	26	1	0	no
CCCACACCACCACACACCACACACACACACACACACACAACACADEAE	26	1	0	no
CCCACACCACCACACACCACACACACACACCACACACACADEACADEE	26	2	0	no
CCCACACCACCACACACCACACACACACACCACACACACADECAADEE	26	1	0	no
CCCACCACACCACACACACACCACACACACAACCACAACACAABCAAE	26	1	0	no
CCCACCACACCACACCAACACCAACACCAACACCAACACCAABACAAE	26	1	0	no
CCCACACCACCACACACCACACCACACACACACAACACAACAACAABE	26	1	0	no
CCCACACCACCACACACCACACCACACACACACAACCADEACACAABE	26	2	0	no
CCCACACCACCACACACCACACCACACACACACACAACACAAACADEE	26	1	0	no
CCCACACCACCACACACCACACCACACACACCAACACCADEABACAAE	26	1	0	no
CCCACACCACCACACACCACACCACACACACCACACACADEAABCAAE	26	2	0	no
CCCACCACACAACCACACAACCACACAACCACACAACCACACAACAAE	26	2	0	no
CCCACCACACACACCACACACAACCACACACAACCACACACAACAABE	26	2	0	no
CCCACCACACACACCACACACACACCACACACACAACACACACADEAE	26	1	0	no
CCCACCACACACACCACACACACACCACACACACAACCAACACAAAAE	26	2	0	no
CCCACCACACACACCACACACACACCACACACACAACCACAAACAAAE	26	1	0	no
CCCACCACACACACCACACACACACCACACACACACACAACACAAAAE	26	1	0	no
CCCACCACACCACACACAACCACACACAACCACACACAACCAACAAAE	26	2	0	no
CCCACCACACCACACCACACACCAACACCACACACACDEACCAAAABE	26	1	0	no
CCCACCACACCACACCACACACCAACACCACACACACDEACCADEABE	26	2	0	no
CCCACCACACCACACCACACACCACACACACACAACACACAACAAAAE	26	1	0	no
CCCACCACACCACACCACACACCACACACACACAACACACAACAAABE	26	2	0	no
CCCACCACACCACACCACACACCACACACACACAACCAAACACAAABE	26	1	0	no
CCCACCACACCACACCACACACCACACACACACAACCACACADABEAE	26	3	0	no
CCCACCACACCACACCACACACCACACACCAAACACACACAACDEAAE	26	1	0	no
CCCACCACACCACACCACACACCACACACCAAACACACACAACDEABE	26	3	0	no
CCCACCACACCACACCAACACCACACACCAACACACACAACAAACAAE	26	1	0	no
CCCACCACACCACACCAACACCACACACCAACACACACAACCAABAAE	26	1	0	no
CCCACCACACCACACCAACACCACACACCAACACACACAACCAABABE	26	2	0	no
CCCACCACACCACACCAACACCACACACCAACACACACAACDEACAAE	26	1	0	no
CCCACCACACCACACCAACACCACACACCAACACCAAACACCAABABE	26	1	0	no
CCCACCACACCACACCAACACCACACACCAACACCAACACACAAABAE	26	1	0	no
CCCACCACACCACACCAACACCACACACDEACCACACACAACACAABE	26	1	0	no
CCCACCACACCACACCACACACACAACCACACACACAACACAACAAAE	26	1	0	no
CCCACCACACCACACCACACACACAACCACACACACAACCAACAADEE	26	1	0	no
CCCACCACACCACACCACACACACAACCACACACACAACCACAABABE	26	1	0	no
CCCACCACACCACACCACACACCAACACACACAACCAACACAAACAAE	26	1	0	no
CCCACCACACCACACCACACACCAACACCACACACACAAABCACAABE	26	1	0	no
CCCACCACACCACACCACACACCAACACCACACACACAAACACAABAE	26	1	0	no
CCCACCACACCACACCACACACCAACACCACACACACAAACCAAAABE	26	1	0	no
CCCACCACACCACACCACACACCAACACCACACACACAAACCADEABE	26	2	0	no
CCCACCACACCACACCACACACCAACACCACACACACCAABABCAAAE	26	1	0	no
CCCACCACACCACACCACACACCAACACCACACACACCAABABCADEE	26	3	0	no
CCCACCACACCACACCACACACCAACACCACACACACCAABACAAAAE	26	1	0	no
CCCACCACACCACACCACACACCAACACCACACACACCAABACADEAE	26	2	0	no
CCCACCACACCACACCACACACCAACACCACACACACCAACAAADAEE	26	1	0	no
CCCACCACACCACACCACACACCAACACCACACACACDEABCACAABE	26	2	0	no
CCCACCACACCACACCACACACCAACACCACACACACDEACAACAAAE	26	1	0	no
CCCACCACACCACACCACACACCAACACCACACACACDEACACAABAE	26	1	0	no
CCCACCACACCACACCACACACCACACACCAAACACCAAACACDEABE	26	2	0	no
CCCACCACACCACACCACACACCACACACCAAACACCACACADABEAE	26	2	0	no
CCCACCACACCACACCACACACCACACACCAACACACCADEACDEAAE	26	1	0	no
CCCACCACACCACACCACACACCACACACCACACACAACADECAAAAE	26	1	0	no
CCCACCACACCACACCACACACCACACACCACACACAACADECADEAE	26	2	0	no
CCCACCACACCACACCACACACCACACACCACACACACAAAABCAAAE	26	1	0	no
CCCACCACACCACACCACACACCACACACCACACACACAAAABCADEE	26	3	0	no
CCCACCACACCACACCACACACCACACACCACACACACCAAABABDEE	26	1	0	no
CCCACCACACCACACCACACACDEACCACACACAACCACACACAABBE	26	2	0	no
CCCACCACCACACACCACACACACACACCACACACACACAACAADEAE	26	1	0	no
CCCACCACCACACACCACACACACACACCACACACACADECACADEAE	26	1	0	no
CCCACCACCACACACCACACCACACACACCAACACACAACAACDEABE	26	1	0	no
CCCACCACCACACACCACACCACACACACCAACACCADEACACAAABE	26	1	0	no
CCCACCACCACACACCACACCACACACACCACACAACACADEACADEE	26	1	0	no
CCCACCACCACACACCACACCACACACACCACACACCADEABACAAAE	26	1	0	no
CCCACCACCACACACCACACCACACACACCACACACCADEACAADEAE	26	2	0	no
CCCACCACCACCACAACACCACACCACAACACCACAACCACAAADBEE	26	1	0	no
CCCACCACCACCACACAACCACACACACAACCACACACACAAACAAAE	26	1	0	no
CCCACCACCACCACACAACCACACACACAACCACACACACAAACADEE	26	3	0	no
CCCACCACCACCACACAACCACACACACAACCACACACACAACAADEE	26	1	0	no
CCCACCACCACCACACAACCACACCACACAACCACAACAACAAACAAE	26	2	0	no
CCCACCACCACCACACAACCACACCACACAACCACAACCAACAAADEE	26	1	0	no
CCCACCACCACCACACACACCACACCAACACACACCADECAACAAAAE	26	1	0	no
CCCACCACCACCACACACACCACACCACACAACAACACAACACAAABE	26	1	0	no
CCCACCACCACCACACCACACAACCACACACCACAAACCAADECADEE	26	1	0	no
CCCACCACCACCACACCACACAACCACACACCACACAACACAAABDEE	26	1	0	no
CCCACCACCACCACACCACACACACACAACCAACACACACAACAAABE	26	1	0	no
CCCACCACCACCACACCACACACACACAACCAACACACACAACDEABE	26	2	0	no
CCCACCACCACCACACCACACACACCACAACACAACACAACAACAABE	26	1	0	no
CCCACCACCACCACACCACACACACCACAACCAACACAACAAACDEAE	26	1	0	no
CCCACCACCACCACACCACACCAACAACACCACACACCAAACAADEAE	26	1	0	no
CCCACCACCACCACACCACACCAACCAACACCAACACAACAAACDEAE	26	1	0	no
CCCACCACCACCACACCACACCAACCAACACDEACCAACCAACAADEE	26	1	0	no
CCCACCACCACCACACCACACCAACCACACACCAACACCAAABADEBE	26	1	0	no
CCCACCACCACCACACCACACCAACCACACACCACAACCAAABADEBE	26	2	0	no
CCCACCACCACCACACCACACCACAACACACACAACACAACAACAABE	26	1	0	no
CCCACCACCACCACACCACACCACACACACACAAACCAACACAADEAE	26	1	0	no
CCCACCACCACCACACCACACCACACACACACAACACDEACACADEAE	26	1	0	no
CCCACCACCACCACACCACACCACACACACACDEACCAACACAADEAE	26	2	0	no
CCCACCACCACCACACCACACCACACACACACDEACCAACACAADEBE	26	1	0	no
CCCACCACCACCACACCACACCACACACACACDEACCACAAACADEAE	26	1	0	no
CCCACCACCACCACACCACACCACACCACACACDEABCACAACAADEE	26	2	0	no
CCCACCACCACCACACCACACCACACCACACACDEACCAAABCAAABE	26	1	0	no
CCCACCACCACCACACCACACCACACCACACACDEACCAAACAAADEE	26	1	0	no
CCCACCCACCACCACACACACACACACACAACACACACACACAAADEE	26	1	0	no
CCCACCCACCACCACACACACACCAACCACAACACAACAACAAACAAE	26	1	0	no
CCCACCCACCACCACACACACACCAACCACACACACAACAAACADEAE	26	1	0	no
CCCACCCACCACCACACACACACCACACCACAAACACAACAACADEAE	26	2	0	no
CCCACCCACCACCACACACACACCACACCACAAACACACAAACADEAE	26	1	0	no
CCCACCCACCACCACACACACACCACACCACAACACAACAAACAAAAE	26	1	0	no
CCCACCCACCACCACACACCAACCAACCAACACACAACAACAAACAAE	26	2	0	no
CCCACCCACCACCACACACCAACCAACCAACACACAACAACAACAAAE	26	0	1	no
CCCACCCACCACCACACACCAACCAACCAACACACAACAACCAABAAE	26	1	0	no
CCCACCCACCACCACAACCAACCACACCAAACCAACACACADECAAAE	26	2	0	no
CCCACCCACCACCACAACCAACCACACCAAACCAACACACADECAABE	26	4	0	no
CCCACCCACCACCACAACCAACCACACCACAACCAAACACAACAABBE	26	1	0	no
CCCACCCACCACCACAACCAACCACACCACAACCAAACACACAAABBE	26	1	0	no
CCCACCCACCACCACAACCACACACACACAACACACACACACAAADEE	26	2	0	no
CCCACCCACCACCACAACCACACACACACAACCAACACACADECAAAE	26	2	0	no
CCCACCCACCACCACAACCACACACACACAACCAACACACADECAABE	26	4	0	no
CCCACCCACCACCACAACCACACACACACAACCACAACACAAACAAAE	26	2	0	no
CCCACCCACCACCACAACCACACCAACCACAACACAACAACAAACAAE	26	2	0	no
CCCACCCACCACCACAACCACACCAACCACAACCACAACDECAAABAE	26	2	0	no
CCCACCCACCACCACAACCACACCACACCACAAACACAACAACADEAE	26	4	0	no
CCCACCCACCACCACAACCACACCACACCACAAACACAACACAADEAE	26	6	0	no
CCCACCCACCACCACAACCACACCACACCACAAACACACAAACADEAE	26	3	0	no
CCCACCCACCACCACACACAACCACACACACACAACCAACACAADEAE	26	1	0	no
CCCACCCACCACCACACACAACCACACCACACACAABCACAACAADEE	26	1	0	no
CCCACCCACCACCACACACACACAACCAACACACACAACCAACAADEE	26	1	0	no
CCCACCCACCACCACACACACACAACCACACACACACAACCAAABAAE	26	1	0	no
CCCACCCACCACCACACACACACAACCACACACACACAACCAAABABE	26	2	0	no
CCCACCCACCACCACACACACACACACAACACACACACACAACAADEE	26	1	0	no
CCCACACACCACACAACCACACAACCACACAACCACACAACCACACAAAE	27	2	0	no
CCCACCCACCACCACACACCAACCAACCACACAACCAACDEACADEAE	26	1	0	no
CCCACCCACCACCACACACCAACCAACCACACAACCAACDEACADEBE	26	2	0	no
CCCACCCACCACCACACACCAACCAACCACACAACCAACDECAAAABE	26	1	0	no
CCCACCCACCACCACACACCAACCAACCACACACACAACAAACADEAE	26	3	0	no
CCCACCCACCACCACACACCAACCAACCACACACACAACAACAAAABE	26	1	0	no
CCCACCCACCACCACACACCAACCAACCACACACACDECAACAAAABE	26	2	0	no
CCCACCCACCACCACACACCAACCACACACACAACCAACDEACADEBE	26	1	0	no
CCCACCCACCACCACACACCACACACACACACAACACACAAACADEAE	26	1	0	no
CCCACCCACCACCACACACCACACACACACACAACCAAACACAAAABE	26	1	0	no
CCCACCCACCACCACACACCACACACACACACACACAAACACAAAABE	26	1	0	no
CCCACCCACCACCACACACCACACACACACACACACAACAAACAAAAE	26	1	0	no
CCCACCCACCACCACACACCACACACACACACACACDEACACADEAAE	26	4	0	CONVEX
CCCACCCACCACCACACACCACACCAACCACACAACACACADEABABE	26	1	0	no
CCCACCCACCACCACACACCACACCAACCACACAACCAAABDECAAAE	26	1	0	no
CCCACCCACCACCACACCAACAACACCACACACCAAACACAACAADEE	26	1	0	no
CCCACCCACCACCACACCAACACACACCACAACCAACAACAADECAAE	26	4	0	CONVEX
CCCACCCACCACCACACCACACACACACACAACACAACAACAAACAAE	26	2	0	no
CCCACACACCACACACACCACACACACACCACAACACAACCACAACAAAE	27	1	0	no
CCCACACACCACACACACCACACACACACCACACACADECACACACAAAE	27	1	0	no
CCCACACCACACAACCACACAACCACACAACCACACAACCACACAACAAE	27	1	0	no
CCCACACCACACACACCACACACAACCACACACAACCACACACAACAABE	27	2	0	no
CCCACACCACACACACCACACACACACCACACACACAACACACACADEAE	27	1	0	no
CCCACACCACACACACCACACACACACCACACACACAACCAACACAAAAE	27	2	0	no
CCCACACCACACACACCACACACACACCACACACACAACCACAAACAAAE	27	1	0	no
CCCACACCACACACACCACACACACACCACACACACACACAACACAAAAE	27	1	0	no
CCCACACCACCACACACAACCACACACAACCACACACAACACACACAAAE	27	1	0	no
CCCACCACACACACCACACACACACCACACACACACACCAACACAADEAE	27	1	0	no
CCCACCACACCACACACAACCACACACAACCACACACAACCACAACAAAE	27	2	0	no
CCCACCACACCACACACAACCACACACAACCACACACAACCACAACAABE	27	1	0	no
CCCACACCACCACACACCACACCACACACACCAACACACAACAACDEABE	27	1	0	no
CCCACACCACCACACACCACACCACACACACCAACACCADEACACAAABE	27	1	0	no
CCCACACCACCACACACCACACCACACACACCAACACCADEACACDEABE	27	2	0	no
CCCACACCACCACACACCACACCACACACACCACACAACACADEACADEE	27	1	0	no
CCCACACCACCACACACCACACCACACACACCACACACCADEABABCAAE	27	2	0	no
CCCACACCACCACACACCACACCACACACACCACACACCADEABACAAAE	27	1	0	no
CCCACACCACCACACACCACACCACACACACCACACACCADEACAADEAE	27	2	0	no
CCCACACCACCACACACCACAACACACACCACAACACAACCACAACAAAE	27	1	0	no
CCCACACCACCACACACCACACACACAACCAACACACAACCAACACAABE	27	1	0	no
CCCACACCACCACACACCACACACACAACCACACACACAAACACACADEE	27	1	0	no
CCCACACCACCACACACCACACACACACACCAACACAACAACCAACAAAE	27	1	0	no
CCCACACCACCACACACCACACACACACACCACACACACACAACAAAABE	27	1	0	no
CCCACACCACCACACACCACACACACACACCACACACACACAACAADEAE	27	1	0	no
CCCACACCACCACACACCACACACACACACCACACACACADECACADEAE	27	1	0	no
CCCACACCACCACACACCACACCACACACACAAACCACACACADEACAAE	27	1	0	no
CCCACCACACCACACCACACACACAACCACACACACAACAACACACAAAE	27	2	0	no
CCCACCACACCACACCACACACACAACCACACACACAACCACAACADEAE	27	1	0	no
CCCACCACACCACACCACACACACAACCACACACACAACCACAACADEBE	27	3	0	no
CCCACCACACCACACCACACACACACACCACAACACACACACACAABABE	27	1	0	no
CCCACCACACCACACCAACACCAACACCAACACCAACACCAACACAAAAE	27	1	0	no
CCCACCACACCACACCAACACCAACACCAACACCAACACCAACACAAABE	27	1	0	no
CCCACCACACCACACCAACACCAACACCAACACCAACACCAACACDEAAE	27	1	0	no
CCCACCACACCACACCAACACCAACACCAACACCAACACCAACACDEABE	27	2	0	CONVEX
CCCACCACACCACACCAACACCACACACCAACACACAACACCAACADEAE	27	1	0	no
CCCACCACACCACACCAACACCACACACCAACACACACAACCAABACAAE	27	1	0	no
CCCACCACACCACACCAACACCACACACCAACACACACAACCAACAADEE	27	1	0	no
CCCACCACACCACACCAACACCACACACCAACACCACACACACAAABDEE	27	1	0	no
CCCACCACACCACACCAACACCACACACCAACACCACACACACDEAADEE	27	2	0	no
CCCACCACACCACACCAACACCACACACCAACACCACACACACDEABDEE	27	2	0	no
CCCACCACACCACACCACACACCAACACACACAACCAACACACAACAAAE	27	1	0	no
CCCACCACACCACACCACACACCAACACACACAACCAACACACAACDEAE	27	2	0	no
CCCACCACACCACACCACACACCAACACCAACACACCAACACCAAAABBE	27	1	0	no
CCCACCACACCACACCACACACCAACACCACACACACAAACCAACAADEE	27	1	0	no
CCCACCACACCACACCACACACCAACACCACACACACAAACCACAABABE	27	1	0	no
CCCACCACACCACACCACACACCAACACCACACACACCAABABCACAABE	27	1	0	no
CCCACCACACCACACCACACACCAACACCACACACACCAABACACAABAE	27	1	0	no
CCCACCACACCACACCACACACCAACACCACACACACCAABACCAAAABE	27	1	0	no
CCCACCACACCACACCACACACCAACACCACACACACCAABACCADEABE	27	2	0	no
CCCACCACACCACACCACACACCAACACCACACACACCAACAACAADEAE	27	1	0	no
CCCACCACACCACACCACACACCAACACCACACACACCAACAACAADEBE	27	1	0	no
CCCACCACACCACACCACACACCAACACCACACACACCAACACADEAABE	27	2	0	no
CCCACCACACCACACCACACACCAACACCACACACACDEACACAACAAAE	27	1	0	no
CCCACCACACCACACCACACACCAACACCACACACACDEACCAACAADEE	27	1	0	no
CCCACCACACCACACCACACACCAACACCACACACACDEACCACAABABE	27	1	0	no
CCCACCACACCACACCACACACCACACACACACACACCADEACACAAABE	27	1	0	no
CCCACCACACCACACCACACACCACACACCAAACACACACAACDEACAAE	27	1	0	no
CCCACCACACCACACCACACACCACACACACACAACACACAACAAACAAE	27	1	0	no
CCCACCACACCACACCACACACCACACACACACAACACACAACACAAABE	27	1	0	CONVEX
CCCACCACACCACACCACACACCACACACACACAACCACACACAADEDEE	27	1	0	no
CCCACCACACCACACCACACACCACACACCACACACAACADECAACAAAE	27	1	0	no
CCCACCACACCACACCACACACCACACACCACACACAACADECACAABAE	27	1	0	no
CCCACCACACCACACCACACACCACACACCACACACACAAAABCACAABE	27	1	0	no
CCCACCACACCACACCACACACCACACACCACACACACCAAABABCAAAE	27	1	0	no
CCCACCACACCACACCACACACCACACACCACACACACCAAABABCADEE	27	3	0	no
CCCACCACACCACACCACACACCACACACCACACACACCAAABACAAAAE	27	1	0	no
CCCACCACACCACACCACACACCACACACCACACACACCAAABACADEAE	27	2	0	no
CCCACCACACCACACCACACACCACACACCACACACACCAAACAAADAEE	27	1	0	no
CCCACCACACCACACCACACACDEACCACACACAACCACACACAAACAAE	27	4	0	no
CCCACCACACCACACCACACACDEACCACACACAACCACACACAACAAAE	27	2	0	no
CCCACCACCACACACCACACACACAACCACACACACAACACACAACAABE	27	2	0	no
CCCACCACCACACACCACACACACACACCACACACACACAACACADEABE	27	1	0	no
CCCACCACCACACACCACACACACACACCACACACACACACAACADEABE	27	1	0	no
CCCACCACCACACACCACACCACACACACACAACCAACAACACAABCAAE	27	2	0	no
CCCACCACCACACACCACACCACACACACCAACACCADEACACCAABABE	27	1	0	no
CCCACCACCACACACCACACCACACACACCACACACCADEABACCAAABE	27	1	0	no
CCCACCACCACACACCACACCACACACACCACACACCADEACAACAAABE	27	2	0	no
CCCACCACCACACACCACACCACACACACCACACACCADEACAACADEBE	27	4	0	no
CCCACCACCACACACCACACCACACACACCACACACCADEACACAAAABE	27	1	0	no
CCCACCACCACCACAACACCACACCACAACACCACACACCAAACAADEAE	27	1	0	no
CCCACCACCACCACAACACCACACCACAACACCACACACCAAACADDEEE	27	1	0	no
CCCACCACCACCACACAACCACACCACACAACCACAACCAACAAACAAAE	27	1	0	no
CCCACCACCACCACACAACCACACCACACAACCACACAACACAAACAAAE	27	1	0	no
CCCACCACCACCACACAACCACACCACACAACCACACAACACAAACADEE	27	2	0	no
CCCACCACCACCACACACACCACACCACACACACAACACAACACAAAABE	27	1	0	no
CCCACCACCACCACACACACCACACCACACACACACCADECAAACAAAAE	27	1	0	no
CCCACCACCACCACACCACACAACCACAACCACACAACACAACAACAABE	27	1	0	no
CCCACCACCACCACACCACACACACACAACCAACACACACAACCAABABE	27	1	0	no
CCCACCACCACCACACCACACACACACAACCACACACACACAACAAAABE	27	1	0	no
CCCACCACCACCACACCACACACACCACAACCAACACACAACAACDEABE	27	1	0	no
CCCACCACCACCACACCACACACACCACAACCACACAACACADEACADEE	27	1	0	no
CCCACCACCACCACACCACACACACCACACACACACACACAACADEAABE	27	2	0	no
CCCACCACCACCACACCACACACACCACACACCACACAACAACADEDEAE	27	2	0	no
CCCACCACCACCACACCACACCAACAACACCACACACCAAACAACAAABE	27	1	0	no
CCCACCACCACCACACCACACCAACAACACCACACACCAAACAACADEBE	27	3	0	no
CCCACCACCACCACACCACACCAACCACACACCAAACCAACDEACADEBE	27	1	0	no
CCCACCACCACCACACCACACCAACCACACACCACACACCAAABADEBAE	27	1	0	no
CCCACCACCACCACACCACACCACAACACACCAACACACAACAACDEABE	27	1	0	no
CCCACCACCACCACACCACACCACAACACACCACACACCADEACAADEAE	27	1	0	no
CCCACCACCACCACACCACACCACAACACACDEACCACAACACAACAAAE	27	1	0	no
CCCACCACCACCACACCACACCACACACACACACAACACAAACAACAABE	27	1	0	no
CCCACCACCACCACACCACACCACACACACACACAACCAACACAADAEAE	27	1	0	no
CCCACCACCACCACACCACACCACACACACACCAABACCAACACAADEAE	27	1	0	no
CCCACCACCACCACACCACACCACACACACACDEACACACACACAAADEE	27	1	0	no
CCCACCACCACCACACCACACCACACACACACDEACCAACACAACAADEE	27	1	0	no
CCCACCACCACCACACCACACCACACCACACACAACACADECAACAAABE	27	1	0	no
CCCACCACCACCACACCACACCACACCACACACACAACDEACADEACAAE	27	1	0	no
CCCACCACCACCACACCACACCACACCACACACDEACAACACAACAAAAE	27	1	0	no
CCCACCACCACCACACCACACCACACCACACACDEACCAAACCAAADEBE	27	1	0	no
CCCACCACCACCACACCACACCACACCACACACDEACCAACAACAADEBE	27	1	0	no
CCCACCCACCACCACAACCAACCACACCACAACCAACCAAACCAAADEBE	27	1	0	no
CCCACCCACCACCACAACCACACAACCACAACCACACAACCAAACAAAAE	27	1	0	no
CCCACCCACCACCACAACCACACACACACAACACACACACACAAACAAAE	27	2	0	no
CCCACCCACCACCACAACCACACACACACAACACACACACACAAACADEE	27	4	0	no
CCCACCCACCACCACAACCACACACACACAACACACACACACAACAAAAE	27	2	0	no
CCCACCCACCACCACAACCACACACACACAACACACACACACAACAADEE	27	3	0	no
CCCACCCACCACCACAACCACACACACCACAACACACACAACACAAAABE	27	1	0	no
CCCACCCACCACCACACACACACCAACCACAACACAACCAABCAAACAAE	27	1	0	no
CCCACCCACCACCACACACACACCAACCACAACACACACDECACAAADEE	27	1	0	no
CCCACCCACCACCACACACACACCACACACACACACAACDEACACAAAAE	27	1	0	no
CCCACCCACCACCACAACCACACCAACCACAACACAACCAABCAAACAAE	27	2	0	no
CCCACCCACCACCACAACCACACCAACCACAACACACACDECACAAADEE	27	2	0	no
CCCACCCACCACCACAACCACACCAACCACAACCACAACAACAAACAAAE	27	2	0	no
CCCACCCACCACCACAACCACACCAACCACAACCACAACDECAAACAAAE	27	2	0	no
CCCACCCACCACCACAACCACACCACACCACAAACACACCAAABCADEAE	27	3	0	no
CCCACCCACCACCACAACCACACCACACCACAACCADECACACADBEBAE	27	2	0	no
CCCACCCACCACCACACACACACAACCAACACACACAACCAACACAAABE	27	1	0	no
CCCACCCACCACCACACACACACAACCACACACACACAACACACAAADEE	27	2	0	no
CCCACCCACCACCACACACACACAACCACACACACACAACCAAACAADEE	27	1	0	no
CCCACCCACCACCACACACACACACACACAACACACACACACAAACAAAE	27	1	0	no
CCCACCCACCACCACACACACACACACACAACACACACACACAACAAAAE	27	1	0	no
CCCACCCACCACCACACACACACACACACAACACACACACACAACAADEE	27	2	0	no
CCCACCCACCACCACACACACACCACACCACAAACACACCAAABCADEAE	27	1	0	no
CCCACCCACCACCACACACACACCACACCACAACACAACCAAABCAAAAE	27	1	0	no
CCCACCCACCACCACACACACACCACACCACAACACAACCAAABCAAABE	27	1	0	no
CCCACCCACCACCACACACCAACCAACCAACAACCAACCAACCAAABDEE	27	1	0	no
CCCACCCACCACCACACACCAACCAACCAACACACAACAACCAABACAAE	27	1	0	no
CCCACCCACCACCACACACCAACCAACCAACACACCAABCAACCAABAAE	27	1	0	no
CCCACCCACCACCACACACCAACCAACCACACACACAACAACCAAABAAE	27	1	0	no
CCCACCCACCACCACACACCAACCAACCACACACACAACAACCAAABABE	27	1	0	no
CCCACCCACCACCACACACCAACCAACCACACACACCAABCAAACAAAAE	27	1	0	no
CCCACCCACCACCACACACCAACCAACCACACACACCAABCAAACADEAE	27	1	0	no
CCCACCCACCACCACACACCAACCAACCACACACACDECAACCAAABAAE	27	1	0	no
CCCACCCACCACCACACACCAACCAACCACACACACDECAACCAAABABE	27	2	0	no
CCCACCCACCACCACACCACACACACACCACACACACAAACAACAAAABE	27	1	0	no
CCCACCCACCACCACACCACACACACACCACACACCACAAABABACAAAE	27	1	0	no
CCCCACCACACACAACCACACACAACCACACACAACCACACACAACAAAE	27	12	-	CONFLICT
CCCACCCACCACCACACACCACAACACCACACACACCAAACACAAADEBE	27	1	0	no
CCCACCCACCACCACACACCACACACACACACACACCAAACACAAADEBE	27	1	0	no
CCCACCCACCACCACACACCACACACACCACACAACACACADECAAAABE	27	1	0	no
CCCACCCACCACCACACACCACACCAACCACACAACACAACAACAADEAE	27	1	0	no
CCCACCCACCACCACACACCACACCAACCACACAACACACADEACADEAE	27	1	0	no
CCCACCCACCACCACACACCACACCAACCACACAACACACADECAAAABE	27	2	0	no
CCCACCCACCACCACACACCACACCAACCACACAACCAAACAACAAAABE	27	1	0	no
CCCACCCACCACCACACACCACACCAACCACACAACCAAACDECAAAABE	27	1	0	no
CCCACCCACCACCACACACCACACCAACCACACAACCADECAACDEAAAE	27	4	0	no
CCCACCCACCACCACACACCACACCAACCACACACACAAACAACAAAABE	27	1	0	no
CCCACCCACCACCACACACCACACCAACCACACACACADECAACDEAAAE	27	1	0	no
CCCACCCACCACCACACCAACAACACCACACACCAAACACACAACADEAE	27	3	0	no
CCCACCCACCACCACACCACACACACACACAACACACACACAACAAADEE	27	2	0	no
CCCCACCACCACCACCACACCACACAACCAACCAAACCAACAACAADEAE	27	0	2	no
CCCACACACCACACAACCACACAACCACACAACCACACAACCACACAACAAE	28	1	0	no
CCCACACACCACACACACCACACACAACCACACACAACCACACACAACAABE	28	2	0	no
CCCACACACCACACACACCACACACACACCACACACACAACACACACADEAE	28	1	0	no
CCCACACACCACACACACCACACACACACCACACACACAACCAACACAAAAE	28	2	0	no
CCCACACACCACACACACCACACACACACCACACACACAACCACAAACAAAE	28	1	0	no
CCCACACACCACACACACCACACACACACCACACACACACACAACACAAAAE	28	1	0	no
CCCACACCACACACACCACACACACACCACACACACACACCAACACAADEAE	28	1	0	no
CCCACACCACCACACACCACACACACAACCACACACACAACACACAACAABE	28	2	0	no
CCCACACCACCACACACCACACACACAACCACACACACAACCAAACACAABE	28	1	0	no
CCCACACCACCACACACCACACACACACACCACACACACACAACACADEABE	28	1	0	no
CCCACACCACCACACACCACACACACACACCACACACACACACAACADEABE	28	1	0	no
CCCACACCACCACACACCACACCACACACACACAACCAACAACACAABCAAE	28	2	0	no
CCCACACCACCACACACCACACCACACACACACAACCACACACADAEACAAE	28	1	0	no
CCCACACCACCACACACCACACCACACACACCAABACCACACACADEACAAE	28	1	0	no
CCCACACCACCACACACCACACCACACACACCAACACCADEACACCAABABE	28	1	0	no
CCCACACCACCACACACCACACCACACACACCACACACCADEABACCAAABE	28	1	0	no
CCCACACCACCACACACCACACCACACACACCACACACCADEACAACAAABE	28	2	0	no
CCCACACCACCACACACCACACCACACACACCACACACCADEACAACADEBE	28	4	0	no
CCCACACCACCACACACCACACCACACACACCACACACCADEACACAAAABE	28	1	0	no
CCCACCACACACACCACACACAACCACACACAACCACACACAACCACAADEE	28	1	0	no
CCCACCACACACACCACACACACACCACAACACACACCACAACACAACADEE	28	1	0	no
CCCACCACACACACCACACACACACCACACACACAACCACACACACAAADEE	28	1	0	no
CCCACCACACACACCACACACACACCACACACACAACCACACACACAABDEE	28	1	0	no
CCCACCACACCACACACAACCACACACAACCACACACAACCACACACAABBE	28	1	0	no
CCCACCACACCACACACACACCACAACACACACCACAACACAACACAACAAE	28	2	0	CONVEX
CCCACCACACCACACCACACACACAACCACACACACAACACACACAAACAAE	28	2	0	no
CCCACCACACCACACCACACACACAACCACACACACAACCAACAACAACAAE	28	2	0	no
CCCACCACACCACACCACACACACAACCACACACACAACCACAACADECAAE	28	1	0	no
CCCACCACACCACACCACACACACACACCACACACACACACACACADEAABE	28	1	0	no
CCCACCACACCACACCACACACCAACACACACAACCAACACACAACCAABAE	28	1	0	no
CCCACCACACCACACCAACACCAACACCAACACCAACACCAACACAAACAAE	28	1	0	no
CCCACCACACCACACCAACACCAACACCAACACCAACACCAACACCAABAAE	28	1	0	no
CCCACCACACCACACCAACACCAACACCAACACCAACACCAACACCAABABE	28	1	0	no
CCCACCACACCACACCAACACCACACACCAACACACACAACCAACACAAAAE	28	1	0	no
CCCACCACACCACACCAACACCACACACCAACACACACAACCAACACAAABE	28	1	0	no
CCCACCACACCACACCAACACCACACACCAACACCAAACACCAACACDEAAE	28	1	0	no
CCCACCACACCACACCAACACCACACACCAACACCAAACACCAACACDEABE	28	2	0	no
CCCACCACACCACACCAACACCACACACCAACACCACACACACAAABCAAAE	28	1	0	no
CCCACCACACCACACCAACACCACACACCAACACCACACACACAAABCADEE	28	3	0	no
CCCACCACACCACACCAACACCACACACCAACACCACACACACAAACAAAAE	28	1	0	no
CCCACCACACCACACCAACACCACACACCAACACCACACACACAAACADEAE	28	2	0	no
CCCACCACACCACACCAACACCACACACCAACACCACACACACCAABABDEE	28	1	0	no
CCCACCACACCACACCAACACCACACACCAACACCACACACACDEABCAAAE	28	2	0	no
CCCACCACACCACACCAACACCACACACCAACACCACACACACDEABCADEE	28	4	0	no
CCCACCACACCACACCAACACCACACACCAACACCACACACACDEACAAAAE	28	1	0	no
CCCACCACACCACACCAACACCACACACCAACACCACACACACDEACADEAE	28	2	0	no
CCCACCACACCACACCAACACCACACACDEACCACACACAACCACAACAAAE	28	2	0	no
CCCACCACACCACACCAACACCACACACDEACCACACACAACCACAACAABE	28	1	0	no
CCCACCACACCACACCACACACCACACACCAAACACCACACACACDEAADEE	28	2	0	no
CCCACCACACCACACCACACACCACACACCAAACACCACACACACDEABDEE	28	2	0	no
CCCACCACACCACACCACACACCACACACACACAACCACACACAADECAAAE	28	1	0	no
CCCACCACACCACACCACACACCACACACACACAACCACACACAADECADEE	28	3	0	no
CCCACCACACCACACCACACACCACACACACACAACCACACACACAAABDEE	28	1	0	no
CCCACCACACCACACCACACACCACACACACACACACCAAACACACADEDEE	28	1	0	no
CCCACCACACCACACCACACACCACACACCAAACACACACACACDEACAAAE	28	1	0	no
CCCACCACACCACACCACACACCAACACCACACACACAAACCACAACADEAE	28	1	0	no
CCCACCACACCACACCACACACCAACACCACACACACAAACCACAACADEBE	28	1	0	no
CCCACCACACCACACCACACACCAACACCACACACACCAABACCAACAADEE	28	1	0	no
CCCACCACACCACACCACACACCAACACCACACACACCAABACCACAABABE	28	1	0	no
CCCACCACACCACACCACACACCAACACCACACACACCAACAACAADECAAE	28	1	0	no
CCCACCACACCACACCACACACCAACACCACACACACCAACACCAAAABAAE	28	1	0	no
CCCACCACACCACACCACACACCAACACCACACACACCAACACCAAAABABE	28	1	0	no
CCCACCACACCACACCACACACCAACACCACACACACCAACACCADEABAAE	28	2	0	no
CCCACCACACCACACCACACACCAACACCACACACACCAACACCADEABABE	28	2	0	no
CCCACCACACCACACCACACACCAACACCACACACACDEACAACACACAAAE	28	2	0	no
CCCACCACACCACACCACACACCAACACCACACACACDEACCACAACADEAE	28	1	0	no
CCCACCACACCACACCACACACCAACACCACACACACDEACCACAACADEBE	28	3	0	no
CCCACCACACCACACCACACACCACACACACAACACACAACACAACACAABE	28	1	0	no
CCCACCACACCACACCACACACCACACACACACAACACACAACACAACAAAE	28	1	0	no
CCCACCACACCACACCACACACCACACACACACAACCAAACACACAACDEAE	28	2	0	no
CCCACCACACCACACCACACACCACACACCACACACAACADECACAACAAAE	28	1	0	no
CCCACCACACCACACCACACACCACACACCACACACACAACAACDEAACAAE	28	1	0	no
CCCACCACACCACACCACACACCACACACCACACACACACACAAACAADEAE	28	1	0	no
CCCACCACACCACACCACACACCACACACCACACACACACACAACADEAABE	28	3	0	no
CCCACCACACCACACCACACACCACACACCACACACACCAAABABCACAABE	28	1	0	no
CCCACCACACCACACCACACACCACACACCACACACACCAAABACACAABAE	28	1	0	no
CCCACCACACCACACCACACACCACACACCACACACACCAAABACCAAAABE	28	1	0	no
CCCACCACACCACACCACACACCACACACCACACACACCAAABACCADEABE	28	2	0	no
CCCACCACACCACACCACACACCACACACCACACACACCAAACAACAADEBE	28	1	0	no
CCCACCACACCACACCACACACCACACACCACACACACCAAACACADEAABE	28	2	0	no
CCCACCACACCACACCACACACCACACACCACACACACCACACADABDEEAE	28	2	0	no
CCCACCACACCACACCACACACDEACCACACACAACCACACACAACACAAAE	28	2	0	no
CCCACCACACCACACDEACCACACAACCACACAACCACACAACCACACAAAE	28	4	0	no
CCCACCACACCACACDEACCACACAACCACACAACCACACAACCACACAABE	28	4	0	no
CCCACCACCACACACCACACACACACACCACACACACACAACCAAACAAAAE	28	1	0	no
CCCACCACCACACACCACACACACACACCACACACACACACACACADEABAE	28	1	0	no
CCCACCACCACACACCACACCACACACACACAACCACAACACACAABCAAAE	28	1	0	no
CCCACCACCACACACCACACCACACACACACAACCACAACACACAABCADEE	28	2	0	no
CCCACCACCACCACAACACCACACCACAACACCACACACCAAACACDEAABE	28	1	0	no
CCCACCACCACCACAACACCACACCACAACACCACACACCAAACACDEABAE	28	3	0	no
CCCACCACCACCACACAACCACACCACACAACCACACAACACAAACACAABE	28	1	0	no
CCCACCACCACCACACAACCACACCACACAACCACACACACACAAACAAAAE	28	1	0	no
CCCACCACCACACACCACACCACACACACCACACACCADEACAACACAABBE	28	2	0	no
CCCACCACCACACACCACACCACACACACCACACACCADEACACAACAABBE	28	1	0	no
CCCACCACCACACACCACACCACACACACCACACACCADEACACCAAABABE	28	1	0	no
CCCACCACCACCACAACACCACACCACAACACCACACACACAACACDEAABE	28	1	0	no
CCCACCACCACCACAACACCACACCACAACACCACACACACAACACDEABAE	28	2	0	no
CCCACCACCACCACAACACCACACCACAACACCACACACCAAACACAAABAE	28	1	0	no
CCCACCACCACCACACACACCACACCAACACACACACACACAACADEACAAE	28	1	0	no
CCCACCACCACCACACACACCACACCACAACACACDEACCACAACACAAABE	28	1	0	no
CCCACCACCACCACACCACAACACCACACACCACAACACDEACACACAABAE	28	1	0	no
CCCACCACCACCACACCACACACACACAACCACACACACACAACCAAABABE	28	1	0	no
CCCACCACCACCACACCACACACACACACACACACACACACACACADEAABE	28	1	0	no
CCCACCACCACCACACCACACACACCACAACCACACACAACCACAABABABE	28	1	0	no
CCCACCACCACCACACCACACACACCACACACACACAACACCADEACADEAE	28	1	0	no
CCCACCACCACCACACCACACACACCACACACCAACACAACDEACACAAAAE	28	1	0	no
CCCACCACCACCACACCACACCAACACACACACACACCAAACACACADEDEE	28	1	0	no
CCCACCACCACCACACCACACCAACCAACACACAACCAACAACACAABCAAE	28	2	0	no
CCCACCACCACCACACCACACCAACCAACACACAACCAACCAACACAABDEE	28	1	0	no
CCCACCACCACCACACCACACCACAACACACCACACACCADEACAACAAABE	28	1	0	no
CCCACCACCACCACACCACACCACAACACACCACACACCADEACAACADEBE	28	3	0	no
CCCACCACCACCACACCACACCACACACACACACACACAACAACACADEAAE	28	1	0	no
CCCACCACCACCACACCACACCACACACACACCAACAACACACADECAAABE	28	1	0	no
CCCACCACCACCACACCACACCACACACACACCAACACACAAACAACDEABE	28	1	0	no
CCCACCACCACCACACCACACCACACACACACCAACACCAACACAADABEAE	28	1	0	no
CCCACCACCACCACACCACACCACACACACACDEACACACACACAAACAAAE	28	1	0	no
CCCACCACCACCACACCACACCACACACACACDEACACACACACAAACADEE	28	3	0	no
CCCACCACCACCACACCACACCACACACACACDEACCAACACAACAACAAAE	28	1	0	no
CCCACCACCACCACACCACACCACACACACACDEACCACACACACADEADEE	28	1	0	no
CCCACCACCACCACACCACACCACACCACACACAACACCADECAAACAAAAE	28	1	0	no
CCCACCACCACCACACCACACCACACCACACACACAAACACAACAACADEAE	28	1	0	no
CCCACCACCACCACACCACACCACACCACACACACAAACACAACACAADEAE	28	2	0	no
CCCACCACCACCACACCACACCACACCACACACACAACDEACCADEACAAAE	28	2	0	no
CCCACCACCACCACACCACACCACACCACACACCAACACDEACADEACDEAE	28	1	0	no
CCCACCACCACCACACCACACCACACCACACACDEACACAACAACAAACAAE	28	2	0	no
CCCACCACCACCACACCACACCACACCACACACDEACACAACCAACAAADEE	28	1	0	no
CCCACCACCACCACACCACACCACACCACACACDEACCAAACCAAACAADEE	28	1	0	no
CCCACCACCACCACACCACACCACACCACACACDEACCAACAACAADECAAE	28	1	0	no
CCCACCCACCACCACAACCAACCACACCAAACCAACACACACDECAACAAAE	28	2	0	no
CCCACCCACCACCACAACCAACCACACCAAACCAACCACACACDECAAADEE	28	3	0	no
CCCACCCACCACCACAACCAACCACACCACAACCAAACACACACAACDEAAE	28	1	0	no
CCCACCCACCACCACAACCAACCACACCACAACCAACACAACCAAACAAAAE	28	1	0	no
CCCACCCACCACCACACACAACCAACCACACACAACCAACCACAACAADEAE	28	1	0	no
CCCACCCACCACCACACACAACCACACCACACACAACACAACAACAAACAAE	28	1	0	no
CCCACCCACCACCACACACACACAACCACACACACACAACACACAACAAAAE	28	1	0	no
CCCACCCACCACCACACACACACAACCACACACACACAACACACAACAAABE	28	2	0	no
CCCACCCACCACCACACACACACAACCACACACACACAACCAAACACAAABE	28	1	0	no
CCCACCCACCACCACAACCACACACACACAACACACACACACAACACAAAAE	28	2	0	no
CCCACCCACCACCACAACCACACACACACAACCACACACACACAABCADEAE	28	2	0	no
CCCACCCACCACCACAACCACACACACACAACCACACACACACAACAAADEE	28	3	0	no
CCCACCCACCACCACAACCACACACACCACAACCAACACAACCAAACAAAAE	28	1	0	no
CCCACCCACCACCACAACCACACCAACCACAACACAACCAACACAACAAAAE	28	1	0	no
CCCACCCACCACCACAACCACACCAACCACAACACAACCAACCAAACAAAAE	28	4	0	no
CCCACCCACCACCACAACCACACCAACCACAACACAACCAACCAAACAADEE	28	2	0	no
CCCACCCACCACCACAACCACACCAACCACAACACACACAACACAAACAAAE	28	2	0	no
CCCACCCACCACCACAACCACACCAACCACAACACACACAACACAAACADEE	28	3	0	no
CCCACCCACCACCACAACCACACCAACCACAACACACACAACACAACAAAAE	28	2	0	no
CCCACCCACCACCACAACCACACCAACCACAACACACACAACACAACAADEE	28	2	0	no
CCCACCCACCACCACAACCACACCAACCACAACACACACDECACAAACAAAE	28	2	0	no
CCCACCCACCACCACAACCACACCAACCACAACACACACDECACAAACADEE	28	4	0	CONVEX
CCCACCCACCACCACAACCACACCAACCACAACCACAACCAABCAAACAAAE	28	2	0	no
CCCACCCACCACCACAACCACACCACACCACAAACACACACAACCADEABAE	28	3	0	no
CCCACCCACCACCACAACCACACCACACCACAACCADECACACADBECAAAE	28	2	0	no
CCCACCCACCACCACAACCACACCACACCACAACCADECACACADBECAABE	28	4	0	no
CCCACCCACCACCACACACACACCAACCACAACACAACCAACCAAACAADEE	28	1	0	no
CCCACCCACCACCACACACACACCAACCACAACACACACAACACAAACAAAE	28	1	0	no
CCCACCCACCACCACACACACACCAACCACAACACACACAACACAAACADEE	28	2	0	no
CCCACCCACCACCACACACACACCAACCACAACACACACAACACAACAAAAE	28	1	0	no
CCCACCCACCACCACACACACACCAACCACAACACACACAACACAACAADEE	28	1	0	no
CCCACCCACCACCACACACACACCAACCACAACACACACDECACAAACAAAE	28	1	0	no
CCCACCCACCACCACACACACACCAACCACAACACACACDECACAACAAAAE	28	1	0	no
CCCACCCACCACCACACACACACCAACCACAACACACACDECACAACAADEE	28	2	0	no
CCCACCCACCACCACACACACACCACACCACAAACACACACAACCADEABAE	28	1	0	no
CCCACCCACCACCACACACACACCACACCACAACACAACCAAABCAAACAAE	28	1	0	no
CCCACCCACCACCACACACACACCACACCACACACACAACDEACCAAABAAE	28	1	0	no
CCCACCCACCACCACACACACACCACACCACACACACACACAAABCADEAAE	28	1	0	no
CCCACCCACCACCACACACCAACCAACCAACAACCAACCAACCAAACAADEE	28	1	0	no
CCCACCCACCACCACACACCAACCAACCAACACACAACAACCAACACAAABE	28	1	0	no
CCCACCCACCACCACACACCAACCAACCAACACACCAABCAACCAABACAAE	28	1	0	no
CCCACCCACCACCACACACCAACCAACCACACAACCAACDECACACAABDEE	28	1	0	no
CCCACCCACCACCACACACCAACCAACCACACACACAACAACCAAABACAAE	28	1	0	no
CCCACCCACCACCACACACCAACCAACCACACACACCAABCAACCAAABAAE	28	1	0	no
CCCACCCACCACCACACACCAACCAACCACACACACCAACCAAACADEADEE	28	1	0	no
CCCACCCACCACCACACACCAACCAACCACACACACCAACCAABCAAADEBE	28	1	0	no
CCCACCCACCACCACACACCAACCAACCACACACACDECAACCAAACAADEE	28	1	0	no
CCCACCCACCACCACACACCAACCACACACACACACCAAACACACADEADEE	28	1	0	no
CCCACCCACCACCACACACCAACCACACCACACACACAACDEACADEACAAE	28	1	0	no
CCCACCCACCACCACACACCACAACACCACACACACCAAACACAACADEDEE	28	1	0	no
CCCACCCACCACCACACACCACAACACCACACACACCACAACAACADEAABE	28	1	0	no
CCCCACCACACACCACACCACACACACCAACACCACAACACACDEACADEAE	28	8	-	CONFLICT
CCCACCCACCACCACACACCACACCACACCACACAACACACACAAABABABE	28	1	0	no
CCCACCCACCACCACACACCACACCACACCACACAACCADECAAACDEAAAE	28	4	0	no
CCCACCCACCACCACACACCACACCACACCACACACACDEACAAACADEAAE	28	1	0	no
CCCACCCACCACCACACCAACAACACCACACACCAAACACACACAACDEAAE	28	1	0	no
CCCACCCACCACCACACCACACACACACACAACAACACACACACAAACAAAE	28	1	0	no
CCCACCCACCACCACACCACACACACACACAACACACACACAACAACAAAAE	28	1	0	no
CCCACCCACCACCACACCACACACACACCACACACAACACAAACCAAABAAE	28	1	0	no
CCCACCCACCACCACACCACACACACACCACACACACAAACAACCAAABABE	28	1	0	no
CCCACCCACCACCACACACCACACACACACACAACCAACACACACAAABDEE	28	2	0	no
CCCACCCACCACCACACACCACACACACACACAACCACAACACAACAAADEE	28	2	0	no
CCCACCCACCACCACACACCACACACACACACAACCACACAAACACAABDEE	28	1	0	no
CCCACCCACCACCACACACCACACACACACACACACACAACACAACAAADEE	28	1	0	no
CCCACCCACCACCACACACCACACACACACACACACCAAACACAAACAADEE	28	1	0	no
CCCACCCACCACCACACACCACACACACCACACAACCACAACAACDEAAABE	28	1	0	no
CCCACCCACCACCACACACCACACCAACCACACAACCAAACCAABCAAAABE	28	1	0	no
CCCACCCACCACCACACACCACACCAACCACACACAACACAAACCAAABAAE	28	3	0	no
CCCACCCACCACCACACACCACACCAACCACACACACAAACAACCAAABABE	28	1	0	no
CCCACCCACCACCACACACCACACCAACCACACACACAAACCAABCAAAABE	28	1	0	no
CCCACCCACCACCACACACCACACCACACCACACAACACAACAAACAADEAE	28	1	0	no
CCCACACCACCACACACAACCACACACAACCACACACAACCACACACAACAABE	29	2	0	no
CCCACACCACCACACACACACCACAACACACACCACAACACACACACAAACAAE	29	1	0	no
CCCACACACCACACACACCACACACACACCACACACACACACCAACACAADEAE	29	1	0	no
CCCACACCACACACACCACACACAACCACACACAACCACACACAACCACAADEE	29	1	0	no
CCCACACCACACACACCACACACACACCACAACACACACCACAACACAACADEE	29	1	0	no
CCCACACCACACACACCACACACACACCACACACACAACCACACACACAAADEE	29	1	0	no
CCCACACCACACACACCACACACACACCACACACACAACCACACACACAABDEE	29	1	0	no
CCCACACCACCACACACCACACACACAACCACACACACAACCAACACADECAAE	29	1	0	no
CCCACACCACCACACACCACACACACACACCACACACACACAACCAAACAAAAE	29	1	0	no
CCCACACCACCACACACCACACACACACACCACACACACACACACACADEABAE	29	1	0	no
CCCACACCACCACACACCACACCACACACACACAACCACAACACACAABCAAAE	29	1	0	no
CCCACACCACCACACACCACACCACACACACACAACCACAACACACAABCADEE	29	2	0	no
CCCACACCACCACACACCACACCACACACACCAACACCACACACADABEACAAE	29	1	0	no
CCCACACCACCACACACCACACCACACACACCACACACCADEACAACACAABBE	29	2	0	no
CCCACACCACCACACACCACACCACACACACCACACACCADEACACAACAABBE	29	1	0	no
CCCACACCACCACACACCACACCACACACACCACACACCADEACACCAAABABE	29	1	0	no
CCCACCACACAACCACACAACCACACAACCACACAACCACACAACCACACAAAE	29	3	0	no
CCCACCACACACACCACACACAACCACACACAACCACACACAACCACACAAABE	29	1	0	no
CCCACCACACACACCACACACACACCACACACACAACCACACACACAAACAAAE	29	1	0	no
CCCACCACACACACCACACACACACCACACACACAACCACACACACAAACADEE	29	3	0	no
CCCACCACACACACCACACACACACCACACACACAACCACACACACAACAADEE	29	1	0	no
CCCACCACACACACCACACACACACCACACACACACACACACACACAAACADEE	29	2	0	no
CCCACCACACACACCACACACACACCACACACACACACACACACACAACAADEE	29	1	0	no
CCCACCACACACACCACACACACACCACACACACACACCACAAACACAACADEE	29	1	0	no
CCCACCACACCACACACAACCACACACAACCACACACAACCACACACAAACAAE	29	3	0	no
CCCACCACACCACACACAACCACACACAACCACACACAACCACACACAACAAAE	29	1	0	no
CCCACCACACCACACCACACACCAACACCACACACACAAACCACAACADECAAE	29	1	0	no
CCCACCACACCACACCAACACCAACACCAACACCAACACCAACACCAABACAAE	29	1	0	no
CCCACCACACCACACCAACACCACACACCAACACACACAACCAACACAAACAAE	29	1	0	no
CCCACCACACCACACCAACACCACACACCAACACCACACACACAAABCACAABE	29	1	0	no
CCCACCACACCACACCAACACCACACACCAACACCACACACACAAACACAABAE	29	1	0	no
CCCACCACACCACACCAACACCACACACCAACACCACACACACAAACCAAAABE	29	1	0	no
CCCACCACACCACACCAACACCACACACCAACACCACACACACAAACCADEABE	29	2	0	no
CCCACCACACCACACCAACACCACACACCAACACCACACACACCAABABCAAAE	29	1	0	no
CCCACCACACCACACCAACACCACACACCAACACCACACACACCAABABCADEE	29	3	0	no
CCCACCACACCACACCAACACCACACACCAACACCACACACACCAABACAAAAE	29	1	0	no
CCCACCACACCACACCAACACCACACACCAACACCACACACACCAABACADEAE	29	2	0	no
CCCACCACACCACACCAACACCACACACCAACACCACACACACCAACAAADAEE	29	1	0	no
CCCACCACACCACACCAACACCACACACCAACACCACACACACDEABCACAABE	29	2	0	no
CCCACCACACCACACCAACACCACACACCAACACCACACACACDEACAACAAAE	29	1	0	no
CCCACCACACCACACCAACACCACACACCAACACCACACACACDEACACAABAE	29	1	0	no
CCCACCACACCACACCAACACCACACACCAACACCACACACACDEACCAAAABE	29	1	0	no
CCCACCACACCACACCAACACCACACACCAACACCACACACACDEACCADEABE	29	2	0	no
CCCACCACACCACACCAACACCACACACDEACCACACACAACCACACACAABBE	29	1	0	no
CCCACCACACCACACCACACACACAACCACACACACAACCACAACACAACAAAE	29	1	0	no
CCCACCACACCACACCACACACACAACCACACACACAACCACAACACAACADEE	29	2	0	no
CCCACCACACCACACCACACACACAACCACACACACAACCACACACACAAADEE	29	2	0	no
CCCACCACACCACACCACACACACAACCACACACACAACCACACACADEACAAE	29	2	0	no
CCCACCACACCACACCACACACACAACCACACACACAACCACACACADECAAAE	29	1	0	no
CCCACCACACCACACCACACACCAACACCACACACACAACACCACAAACAAAAE	29	1	0	no
CCCACCACACCACACCACACACCAACACCACACACACCAABACCACAACADEAE	29	1	0	no
CCCACCACACCACACCACACACCAACACCACACACACCAABACCACAACADEBE	29	1	0	no
CCCACCACACCACACCACACACCAACACCACACACACCAACAACACADECAAAE	29	1	0	no
CCCACCACACCACACCACACACCAACACCACACACACCAACACAACAAACAAAE	29	1	0	no
CCCACCACACCACACCACACACCAACACCACACACACCAACACAACAAACDEAE	29	2	0	no
CCCACCACACCACACCACACACCAACACCACACACACCAACACCAAAABACAAE	29	1	0	no
CCCACCACACCACACCACACACCAACACCACACACACCAACACCAACAADABEE	29	1	0	no
CCCACCACACCACACCACACACCAACACCACACACACCAACACCACAABABAAE	29	1	0	no
CCCACCACACCACACCACACACCAACACCACACACACCAACACCACAABABABE	29	1	0	no
CCCACCACACCACACCACACACCAACACCACACACACCAACACCADEABACAAE	29	2	0	no
CCCACCACACCACACCACACACCAACACCACACACACDEACCACAACADECAAE	29	1	0	no
CCCACCACACCACACCACACACCACACACACACAACCACACACAADECACAABE	29	1	0	no
CCCACCACACCACACCACACACCACACACACACAACCACACACACAAABCAAAE	29	1	0	no
CCCACCACACCACACCACACACCACACACACACAACCACACACACAAABCADEE	29	3	0	no
CCCACCACACCACACCACACACCACACACACACAACCACACACACAAACAAAAE	29	1	0	no
CCCACCACACCACACCACACACCACACACACACAACCACACACACAAACADEAE	29	2	0	no
CCCACCACACCACACCACACACCACACACACACAACCACACACACACAAAABAE	29	1	0	no
CCCACCACACCACACCACACACCACACACCAAACACACACACACDEACACAAAE	29	1	0	no
CCCACCACACCACACCACACACCACACACCAAACACCACACACACDEABCAAAE	29	2	0	no
CCCACCACACCACACCACACACCACACACCAAACACCACACACACDEABCADEE	29	4	0	no
CCCACCACACCACACCACACACCACACACCAAACACCACACACACDEACAAAAE	29	1	0	no
CCCACCACACCACACCACACACCACACACCAAACACCACACACACDEACADEAE	29	2	0	no
CCCACCACACCACACCACACACCACACACCAACACACCADEACCAACACADEBE	29	1	0	no
CCCACCACACCACACCACACACCACACACCACACACAACACAACACACAAADEE	29	1	0	no
CCCACCACACCACACCACACACCACACACCACACACACAACACACACADEAABE	29	1	0	no
CCCACCACACCACACCACACACCACACACCACACACACACACAAACACADEABE	29	1	0	no
CCCACCACACCACACCACACACCACACACCACACACACACACAACAACAAAABE	29	1	0	no
CCCACCACACCACACCACACACCACACACCACACACACACACAACCAAAABAAE	29	1	0	no
CCCACCACACCACACCACACACCACACACCACACACACACACAACCAAAABABE	29	2	0	no
CCCACCACACCACACCACACACCACACACCACACACACACACAACCADEABAAE	29	2	0	no
CCCACCACACCACACCACACACCACACACCACACACACACACAACCADEABABE	29	3	0	no
CCCACCACACCACACCACACACCACACACCACACACACCAAABACCAACAADEE	29	1	0	no
CCCACCACACCACACCACACACCACACACCACACACACCAAABACCACAABABE	29	1	0	no
CCCACCACACCACACCACACACCACACACCACACACACCAAACACCAAAABABE	29	1	0	no
CCCACCACACCACACCACACACCACACACCACACACACCAAACACCADEABABE	29	2	0	no
CCCACCACACCACACCACACACCACACACCACACACACCACACADABCAAAEAE	29	2	0	no
CCCACCACACCACACCACACACCACACACCACACACACCACACADABCADEEAE	29	4	0	no
CCCACCACCACACACCACACACACAACCACACACACAACCACACACACAAADEE	29	1	0	no
CCCACCACCACACACCACACACACACACCACACACACACAACCAACAACAAAAE	29	1	0	no
CCCACCACCACACACCACACACACACACCACACACACACACACACADEACAAAE	29	1	0	no
CCCACCACCACACACCACACCACACACACACAACCACAACACACAABCACAABE	29	1	0	no
CCCACCACCACACACCACACCACACACACACAACCACACACACACAABCAAAAE	29	1	0	no
CCCACCACCACACACCACACCACACACACACACACACACAACACAACACAAAAE	29	1	0	no
CCCACCACCACACACCACACCACACACACCAACACACAACAACCAACACAAAAE	29	2	0	no
CCCACCACCACACACCACACCACACACACCAACACACAACACACAACACAAAAE	29	1	0	no
CCCACCACCACACACCACACCACACACACCAACACCACAACACACAAABCADEE	29	1	0	no
CCCACCACCACACACCACACCACACACACCAACACCACAACACACDEABCADEE	29	2	0	no
CCCACCACCACACACCACACCACACACACCAACACCADEACACCAACACDEAAE	29	1	0	no
CCCACCACCACACACCACACCACACACACCACACAACACADECACACAACAABE	29	2	0	no
CCCACCACCACACACCACACCACACACACCACACACCADEABACCACACADEBE	29	1	0	no
CCCACCACCACACACCACACCACACACACCACACACCADEACACACAACADEAE	29	1	0	no
CCCACCACCACACACCACACCACACACACCACACACCADEACACACACAABDEE	29	1	0	no
CCCACCACCACCACAACACCACACCACAACACCACACACACAACACDEACADEE	29	1	0	no
CCCACCACCACCACAACACCACACCACAACACCACACACCACAACACDEAABBE	29	1	0	no
CCCACCACCACCACAACACCACACCACAACACCACACACCACAACACDEABABE	29	2	0	no
CCCACCACCACCACACAACCACACACACAACCACACACACAACACACAACAABE	29	2	0	no
CCCACCACCACCACACAACCACACCACACAACCACACACACACAAACACAAABE	29	1	0	no
CCCACCACCACCACACAACCACACCACACAACCACACACCACACAAACADEDEE	29	1	0	no
CCCACCACCACCACACACACCACACCACACACACACDEACCACAAACACAAABE	29	1	0	no
CCCACCACCACCACACCACAACACCACACACCACAACACCAACACADCAAAEAE	29	1	0	no
CCCACCACCACCACACCACACACACACAACCACACACACACAACACACAAADEE	29	1	0	no
CCCACCACCACCACACCACACACACCACAACCACACACAACACAACACAAAABE	29	1	0	no
CCCACCACCACCACACCACACACACCACACACAACACACACCAAACAACADEBE	29	1	0	no
CCCACCACCACCACACCACACACACCACACACCACAACACACCAAAABACAAAE	29	1	0	no
CCCACCACCACCACACCACACACACCACACACCACADEACCACACAACADEABE	29	1	0	no
CCCACCACCACCACACCACACCAACCAACACACAACCAACCAACACAABCAAAE	29	1	0	no
CCCACCACCACCACACCACACCAACCAACACCAACACCAACAACACAAABCAAE	29	1	0	no
CCCACCACCACCACACCACACCAACCAACACCAACACCAACAACACDEABCAAE	29	2	0	no
CCCACCACCACCACACCACACCAACCAACACCAACACCAACCAACACDEABDEE	29	1	0	no
CCCACCACCACCACACCACACCAACCACACACACACACAACACACACADEAABE	29	1	0	no
CCCACCACCACCACACCACACCAACCACACACCAACACCAACDEACAAACAAAE	29	1	0	no
CCCACCACCACCACACCACACCACAACACACACAACCACAACACACAABCAAAE	29	1	0	no
CCCACCACCACCACACCACACCACAACACACACAACCACAACACACAABCADEE	29	2	0	no
CCCACCACCACCACACCACACCACACACACACAAACCACACACACADEACADEE	29	2	0	no
CCCACCACCACCACACCACACCACACACACACAAACCACACACACADECAADEE	29	1	0	no
CCCACCACCACCACACCACACCACACACACACACAACACACACACAACAAADEE	29	1	0	no
CCCACCACCACCACACCACACCACACACACACACAACCAACACAACACAABDEE	29	1	0	no
CCCACCACCACCACACCACACCACACACACACACACACAACACACACADEAABE	29	1	0	no
CCCACCACCACCACACCACACCACACACACACCACACAACACACADECAAAABE	29	1	0	no
CCCACCACCACCACACCACACCACACACACACDEACCACACACACACAADBEAE	29	1	0	no
CCCACCACCACCACACCACACCACACACACACDEACCACACACACADEACAAAE	29	1	0	no
CCCACCACCACCACACCACACCACACACACACDEACCACACACACADEACADEE	29	3	0	no
CCCACCACCACCACACCACACCACACACACACDEACCACACACACADECAAAAE	29	1	0	no
CCCACCACCACCACACCACACCACACACACACDEACCACACACACADECAADEE	29	2	0	no
CCCACCACCACCACACCACACCACACCACACACAAACCACAACAACADEACAAE	29	1	0	no
CCCACCACCACCACACCACACCACACCACACACACACAAACACCADEACADEAE	29	1	0	no
CCCACCACCACCACACCACACCACACCACACACACACACAACAACADEACAAAE	29	1	0	no
CCCACCACCACCACACCACACCACACCACACACACACACADECAACACADEAAE	29	1	0	no
CCCACCACCACCACACCACACCACACCACACACCAACAACAACDEACACAAAAE	29	1	0	no
CCCACCACCACCACACCACACCACACCACACACCAACAACACAACADECAAABE	29	2	0	no
CCCACCACCACCACACCACACCACACCACACACCAACACACAACDEACAAAABE	29	1	0	no
CCCACCACCACCACACCACACCACACCACACACCAACACDEACCADEACDEAAE	29	2	0	no
CCCACCCACCACCACAACCACACACACACAACACACACACACAACACAACAAAE	29	2	0	no
CCCACCCACCACCACAACCACACACACACAACCACACACACACAACAACAAAAE	29	2	0	no
CCCACCCACCACCACAACCACACACACACAACCACACACACACAACAACADEAE	29	3	0	no
CCCACCCACCACCACAACCACACACACCACAACCACAACACAACAACAAACAAE	29	1	0	no
CCCACCACCACCACACCACACCACACCACACACDEACACACAACACAAACAAAE	29	1	0	no
CCCACCACCACCACACCACACCACACCACACACDEACACACAACACAAACADEE	29	2	0	no
CCCACCACCACCACACCACACCACACCACACACDEACCAAACCACAACAADEBE	29	1	0	no
CCCACCACCACCACACCACACCACACCACACACDEACCAACAACAACAACAAAE	29	1	0	no
CCCACCACCACCACACCACACCACACCACACACDEACCAACACACAADECAAAE	29	1	0	no
CCCACCACCACCACACCACACCACACCACACACDEACCAACACCACAADEDAEE	29	1	0	no
CCCACCACCACCACACCACACCACACCACACACDEACCACAACAACADEACAAE	29	2	0	no
CCCACCACCACCACACCACACCACACCACACACDEACCACAACAACADECAAAE	29	1	0	no
CCCACCACCACCACACCACACCACACCACACACDEACCACAACCAACADEADEE	29	1	0	no
CCCACCACCACCACACCACACCACACCACACACDEACCACAACCAACADEDAEE	29	1	0	no
CCCACCCACCACCACAACCAACCACACCAAACCAACCACACACDECAABCAAAE	29	3	0	no
CCCACCCACCACCACAACCAACCACACCAAACCAACCACACACDECAABCADEE	29	5	0	no
CCCACCCACCACCACAACCAACCACACCAAACCAACCACACACDECAACAAAAE	29	2	0	no
CCCACCCACCACCACACACACACAACCACACACACACAACACACAACACAAABE	29	1	0	no
CCCACCCACCACCACACACACACAACCACACACACACAACCACACACAADEDEE	29	1	0	no
CCCACCCACCACCACACACACACACACACAACACACACACACAACACAACAAAE	29	1	0	no
CCCACCCACCACCACACACACACACACCACAACACACACAACACAACAACAAAE	29	1	0	no
CCCACCCACCACCACACACACACCAACCACAACACACACAACACAACAACAABE	29	1	0	no
CCCACCCACCACCACACACACACCAACCACAACACACACAACACAACACAAAAE	29	1	0	no
CCCACCCACCACCACACACACACCAACCACAACACACACCAABCACAACAAAAE	29	1	0	no
CCCACCCACCACCACAACCACACCAACCACAACACACACAACACAACAACAABE	29	2	0	no
CCCACCCACCACCACAACCACACCAACCACAACACACACAACACAACACAAAAE	29	2	0	no
CCCACCCACCACCACAACCACACCAACCACAACACACACCAABCACAAACAAAE	29	2	0	no
CCCACCCACCACCACAACCACACCAACCACAACCACAACCAACCAAABCADEAE	29	2	0	no
CCCACCCACCACCACAACCACACCAACCACAACCACAACCAACCAAABCADEBE	29	3	0	no
CCCACCCACCACCACAACCACACCAACCACAACCACAACCAACCAAACAAADEE	29	2	0	no
CCCACCCACCACCACAACCACACCAACCACAACCACACACAACACAABCADEAE	29	2	0	no
CCCACCCACCACCACAACCACACCAACCACAACCACACACAACACAACAAADEE	29	2	0	no
CCCACCCACCACCACAACCACACCAACCACAACCACACACDECACAABCADEAE	29	2	0	no
CCCACCCACCACCACAACCACACCAACCACAACCACACACDECACAACAAADEE	29	3	0	no
CCCACCCACCACCACAACCACACCACACCACAAACACACACACACADEACAAAE	29	3	0	no
CCCACCCACCACCACAACCACACCACACCACAACCACAACACACACAAABBABE	29	2	0	no
CCCACCCACCACCACAACCACACCACACCACAACCACAACCAAABCAAACAAAE	29	2	0	no
CCCACCCACCACCACAACCACACCACACCACAACCACAACCAACADBECAAAAE	29	1	0	no
CCCACCCACCACCACAACCACACCACACCACAACCACACAACACAACAABBABE	29	6	0	CONVEX
CCCACCCACCACCACACACAACCACACACACACAACCACACACACADECAADEE	29	1	0	no
CCCACCCACCACCACACACAACCACACCACACACAACCACAACAACADEACAAE	29	1	0	no
CCCACCCACCACCACACACACACAACCAACACACACAACCAACACACAACAAAE	29	1	0	no
CCCACCCACCACCACACACCAACCAACCACACACACCAABCAACCAAABACAAE	29	1	0	no
CCCACCCACCACCACACACCAACCAACCACACACACDECAACACACAACAAAAE	29	1	0	no
CCCACCCACCACCACACACCAACCAACCACACACACDECAACACACAACAAABE	29	2	0	no
CCCACCCACCACCACACACCAACCAACCACACACACDECAACCAAACACAAABE	29	1	0	no
CCCACCCACCACCACACACCAACCACACCACACACACCAAACACAACADEABBE	29	2	0	no
CCCACCCACCACCACACACCAACCACACCACACACACCAACDEACCADEAABBE	29	2	0	no
CCCACCCACCACCACACACCACACACACACACAACACACACACACADEACAAAE	29	1	0	no
CCCACCCACCACCACACACCAACCAACCAACACACCAABCAACCAACACAAABE	29	1	0	no
CCCACCCACCACCACACACCAACCAACCACACAACCAACAACCACAAADCAAEE	29	1	0	no
CCCACCCACCACCACACACCAACCAACCACACAACCAACDECACACAACAAAAE	29	1	0	no
CCCACCCACCACCACACACCAACCAACCACACAACCAACDECACACAACDEAAE	29	1	0	no
CCCACCCACCACCACACACCAACCAACCACACACACAACAACACACAACAAAAE	29	1	0	no
CCCACCCACCACCACACACCAACCAACCACACACACAACAACACACAACAAABE	29	2	0	no
CCCACCCACCACCACACACCAACCAACCACACACACAACAACCAAACACAAABE	29	1	0	no
CCCACCCACCACCACACACACACCACACCACAAACACACACACACADEACAAAE	29	1	0	no
CCCACCCACCACCACACACACACCACACCACAACAACACCAACACCAAAABABE	29	1	0	no
CCCACCCACCACCACACACACACCACACCACAACACAACACACACAAACAAAAE	29	1	0	no
CCCACCCACCACCACACACACACCACACCACAACACAACACACACAAACAADEE	29	2	0	no
CCCACCCACCACCACACACACACCACACCACAACACAACCAAACCAAACAADEE	29	1	0	no
CCCACCCACCACCACACACACACCACACCACAACACACAACACAACAAACAAAE	29	1	0	no
CCCACCCACCACCACACACACACCACACCACAACACACAACACAACAACAAAAE	29	1	0	no
CCCACCCACCACCACACACACACCACACCACAACACACACAAACACAAACADEE	29	2	0	no
CCCACCCACCACCACACACACACCACACCACAACACACACAAACACAACAADEE	29	1	0	no
CCCACCCACCACCACACACCACACACACACACAACCAACACACACAAACAAAAE	29	1	0	no
CCCACCCACCACCACACACCACACACACACACAACCAACACACACAAACAADEE	29	2	0	no
CCCACCCACCACCACACACCACACACACACACAACCACAACACAACAAACAAAE	29	2	0	no
CCCACCCACCACCACACACCACACACACACACAACCACAACACAACAACAAAAE	29	1	0	no
CCCACCCACCACCACACACCACACACACACACAACCACACAAACACAACAADEE	29	1	0	no
CCCACCCACCACCACACACCACACACACACACACACAACACACACAAACAAAAE	29	1	0	no
CCCACCCACCACCACACACCACACACACACACACACAACACACACAAACAADEE	29	2	0	no
CCCACCCACCACCACACACCACACACACACACACACACAACACAACAAACAAAE	29	1	0	no
CCCACCCACCACCACACACCACACACACACACACACACAACACAACAACAAAAE	29	1	0	no
CCCACCCACCACCACACACCACACACACACACACACACACAAACACAACAADEE	29	1	0	no
CCCACCCACCACCACACACCACACACACCACACAACCACACAACACDEAAABAE	29	1	0	no
CCCACCCACCACCACACCAACACACACCACAACCAACAACACACAACCAAABAE	29	2	0	no
CCCACCCACCACCACACCACACACACACACAACACACACACAACAACAACAAAE	29	1	0	no
CCCACCCACCACCACACCACACACACACCACACACAACACAAACCAAACAADEE	29	1	0	no
CCCACCCACCACCACACCACACACACACCACACACCAACACAACACAAAABDEE	29	1	0	no
CCCACACACCAACACACCAACACACCAACACACCAACACACCAACACACCAACAAE	30	4	-	CONFLICT
CCCACCCACCACCACACACCACACACACCACACACACACACADECAAACAAAAE	29	1	0	no
CCCACCCACCACCACACACCACACACACCACACACACACACADECACAAABABE	29	1	0	no
CCCACCCACCACCACACACCACACACACCACACACACCAACAACAACADEABBE	29	1	0	no
CCCACCCACCACCACACACCACACCAACCACACAACACACACDECACADEADEE	29	1	0	no
CCCACCCACCACCACACACCACACCAACCACACAACACACADECACACAAADEE	29	2	0	no
CCCACCCACCACCACACACCACACCAACCACACAACCAAACCAACCAAAABDEE	29	1	0	no
CCCACCCACCACCACACACCACACCAACCACACAACCAAACDECACACAABDEE	29	1	0	no
CCCACCCACCACCACACACCACACCAACCACACAACCAACACAACACAAABDEE	29	1	0	no
CCCACCCACCACCACACACCACACCAACCACACACACCAAABCAACCAAABAAE	29	1	0	no
CCCACCCACCACCACACACCACACCAACCACACACACCAAABCAACCAAABABE	29	1	0	no
CCCACCCACCACCACACACCACACCAACCACACACACCAAACCAABCAAADEBE	29	1	0	no
CCCACCCACCACCACACACCACACCAACCACACACACCADECAACDEADECAAE	29	1	0	no
CCCACCCACCACCACACACCACACCACACCACACAACACAACCAAABCAADEAE	29	1	0	no
CCCACCCACCACCACACACCACACCACACCACACAACCAAACCAAABCAAAABE	29	1	0	no
CCCACCCACCACCACACACCACACCACACCACACACACAAACCAAABCAAAABE	29	1	0	no
CCCACCCACCACCACACACCACACCACACCACACACACADECADECADEACAAE	29	1	0	no
CCCACCCACCACCACACACCACACCACACCACACACACDEACCAAABCADEAAE	29	1	0	no
CCCACACACCACACACACCACACACAACCACACACAACCACACACAACCACAADEE	30	1	0	no
CCCACACACCACACACACCACACACACACCACAACACACACCACAACACAACADEE	30	1	0	no
CCCACACACCACACACACCACACACACACCACACACACAACCACACACACAAADEE	30	1	0	no
CCCACACACCACACACACCACACACACACCACACACACAACCACACACACAABDEE	30	1	0	no
CCCACACCACACAACCACACAACCACACAACCACACAACCACACAACCACACAAAE	30	2	0	no
CCCACACCACACAACCACACAACCACACAACCACACAACCACACAACCACACAABE	30	2	0	no
CCCACACCACACACACCACACACAACCACACACAACCACACACAACCACACAAABE	30	1	0	no
CCCACACCACCACACACCACAACACACACCACAACACACACCACAACACAACADEE	30	1	0	no
CCCACACCACCACACACCACACACACAACCACACACACAACACACACACAAACAAE	30	1	0	no
CCCACACCACCACACACCACACACACAACCACACACACAACCACACACACAAADEE	30	1	0	no
CCCACACCACCACACACCACACACACACACACACACACAACACACACACAAACAAE	30	1	0	no
CCCACACCACCACACACCACACACACACACCAACACAACACACCAACAACAACAAE	30	1	0	no
CCCACACCACACACACCACACACACACCACACACACAACCACACACACAAACAAAE	30	1	0	no
CCCACACCACACACACCACACACACACCACACACACAACCACACACACAAACADEE	30	3	0	no
CCCACACCACACACACCACACACACACCACACACACAACCACACACACAACAADEE	30	1	0	no
CCCACACCACACACACCACACACACACCACACACACACACACACACACAAACADEE	30	2	0	no
CCCACACCACACACACCACACACACACCACACACACACACACACACACAACAADEE	30	1	0	no
CCCACACCACACACACCACACACACACCACACACACACACCACAAACACAACADEE	30	1	0	no
CCCACACCACCACACACCACACCACACACACACAACCACAACACACAABCACAABE	30	1	0	no
CCCACACCACCACACACCACACCACACACACACAACCACACACACACAABCAAAAE	30	1	0	no
CCCACACCACCACACACCACACCACACACACACACACACACAAACACACACADEAE	30	1	0	no
CCCACACCACCACACACCACACCACACACACACACACACACAACACAACACAAAAE	30	1	0	no
CCCACACCACCACACACCACACACACACACCACACACACACAACCAACAACAAAAE	30	1	0	no
CCCACACCACCACACACCACACACACACACCACACACACACAACCACADEACAAAE	30	2	0	no
CCCACACCACCACACACCACACACACACACCACACACACACACACACACADEADEE	30	1	0	no
CCCACACCACCACACACCACACACACACACCACACACACACACACACADEACAAAE	30	1	0	no
CCCACACCACCACACACCACACACACACACCACACACACACACACCACADEABABE	30	1	0	no
CCCACACCACCACACACCACACCACACACACAAACCACACACADECACACACAAAE	30	1	0	no
CCCACACCACCACACACCACACCACACACACACAACACACACAACAACACACAAAE	30	1	0	no
CCCACACCACCACACACCACACCACACACACCAACACACAACAACCAACACAAAAE	30	2	0	no
CCCACACCACCACACACCACACCACACACACCAACACACAACACACAACACAAAAE	30	1	0	no
CCCACACCACCACACACCACACCACACACACCAACACCACAACACACAAABCADEE	30	1	0	no
CCCACACCACCACACACCACACCACACACACCAACACCACAACACACDEABCADEE	30	2	0	no
CCCACACCACCACACACCACACCACACACACCAACACCADEACACCAACACDEAAE	30	1	0	no
CCCACACCACCACACACCACACCACACACACCAACACCADEACACCAACACDEABE	30	2	0	no
CCCACACCACCACACACCACACCACACACACCACACAACACADECACACAACAABE	30	2	0	no
CCCACCACACCACACCACACACACACACCACAACACACACACCACAACADEACAAE	30	1	0	no
CCCACACCACCACACACCACACCACACACACCACACACCADEABACCACACADEAE	30	2	0	no
CCCACACCACCACACACCACACCACACACACCACACACCADEABACCACACADEBE	30	1	0	no
CCCACACCACCACACACCACACCACACACACCACACACCADEACAACACACADBEE	30	2	0	no
CCCACACCACCACACACCACACCACACACACCACACACCADEACACACAACADEAE	30	1	0	no
CCCACACCACCACACACCACACCACACACACCACACACCADEACACACACAABDEE	30	1	0	no
CCCACCACACAACCACACAACCACACAACCACACAACCACACAACCACACAACAAE	30	2	0	no
CCCACCACACACACCACACACACACCACACACACAACCACACACACAAACACAABE	30	1	0	no
CCCACCACACACACCACACACACACCACACACACAACCACACACACAACACADEAE	30	1	0	no
CCCACCACACACACCACACACACACCACACACACACACACACACACAACACADEAE	30	1	0	no
CCCACCACACACACCACACACACACCACACACACACACCACACACACADEACADEE	30	2	0	no
CCCACCACACACACCACACACACACCACACACACACACCACACACACADECAADEE	30	1	0	no
CCCACCACACCACACACAACCACACACAACCACACACAACCACACACAACACAAAE	30	1	0	no
CCCACCACACCACACCAACACCAACACCAACACCAACACCAACACCAACACAAAAE	30	1	0	no
CCCACCACACCACACCAACACCAACACCAACACCAACACCAACACCAACACAAABE	30	1	0	no
CCCACCACACCACACCAACACCAACACCAACACCAACACCAACACCAACACDEAAE	30	1	0	no
CCCACCACACCACACCAACACCAACACCAACACCAACACCAACACCAACACDEABE	30	2	0	CONVEX
CCCACCACACCACACCAACACCACACACCAACACACACAACCAACACACAACAAAE	30	1	0	no
CCCACCACACCACACCAACACCACACACCAACACACACAACCAACACACAACDEAE	30	2	0	no
CCCACCACACCACACCAACACCACACACCAACACCACACACACAAACCAACAADEE	30	1	0	no
CCCACCACACCACACCAACACCACACACCAACACCACACACACAAACCACAABABE	30	1	0	no
CCCACCACACCACACCAACACCACACACCAACACCACACACACCAABABCACAABE	30	1	0	no
CCCACCACACCACACCAACACCACACACCAACACCACACACACCAABACACAABAE	30	1	0	no
CCCACCACACCACACCAACACCACACACCAACACCACACACACCAABACCAAAABE	30	1	0	no
CCCACCACACCACACCAACACCACACACCAACACCACACACACCAABACCADEABE	30	2	0	no
CCCACCACACCACACCAACACCACACACCAACACCACACACACCAACAACAADEAE	30	1	0	no
CCCACCACACCACACCAACACCACACACCAACACCACACACACCAACAACAADEBE	30	1	0	no
CCCACCACACCACACCAACACCACACACCAACACCACACACACCAACACADEAABE	30	2	0	no
CCCACCACACCACACCAACACCACACACCAACACCACACACACDEACACAACAAAE	30	1	0	no
CCCACCACACCACACCAACACCACACACCAACACCACACACACDEACCAACAADEE	30	1	0	no
CCCACCACACCACACCAACACCACACACCAACACCACACACACDEACCACAABABE	30	1	0	no
CCCACCACACCACACCAACACCACACACDEACCACACACAACCACACACAAACAAE	30	3	0	no
CCCACCACACCACACCAACACCACACACDEACCACACACAACCACACACAACAAAE	30	1	0	no
CCCACCACACCACACCACACACACAACCACACACACAACCACAACACAACACAABE	30	1	0	no
CCCACCACACCACACCACACACACAACCACACACACAACCACACACACAACAAAAE	30	1	0	no
CCCACCACACCACACCACACACACAACCACACACACAACCACACACACAACAAABE	30	2	0	no
CCCACCACACCACACCACACACACAACCACACACACAACCACACACACAACDEABE	30	4	0	no
CCCACCACACCACACCACACACACAACCACACACACAACCACACACADECACAAAE	30	1	0	no
CCCACCACACCACACCACACACCAACACACACAACCAACACACAACCAACACAAAE	30	1	0	no
CCCACCACACCACACCACACACCACACACCAACACACCACAACACCAACADABAEE	30	1	0	no
CCCACCACACCACACCACACACCACACACACACAACACACAACACAACACAACAAE	30	2	0	CONVEX
CCCACCACACCACACCACACACCACACACACACAACCACACACACAAABCACAABE	30	1	0	no
CCCACCACACCACACCACACACCACACACACACAACCACACACACAAACACAABAE	30	1	0	no
CCCACCACACCACACCACACACCACACACACACAACCACACACACAAACCAAAABE	30	1	0	no
CCCACCACACCACACCACACACCACACACACACAACCACACACACAAACCADEABE	30	2	0	no
CCCACCACACCACACCACACACCACACACACACAACCACACACACACAAACAADEE	30	1	0	no
CCCACCACACCACACCACACACCACACACACACAACCACACACACACAACADEAAE	30	2	0	no
CCCACCACACCACACCACACACCACACACACACACACCACACAACACACAAABABE	30	2	0	CONVEX
CCCACCACACCACACCACACACCACACACCAAACACCACACACACDEABCACAABE	30	2	0	no
CCCACCACACCACACCACACACCACACACCAAACACCACACACACDEACAACAAAE	30	1	0	no
CCCACCACACCACACCACACACCACACACCAAACACCACACACACDEACACAABAE	30	1	0	no
CCCACCACACCACACCACACACCACACACCAAACACCACACACACDEACCAAAABE	30	1	0	no
CCCACCACACCACACCACACACCACACACCAAACACCACACACACDEACCADEABE	30	2	0	no
CCCACCACACCACACCACACACCAACACCACACACACAAACCACACACADEACAAE	30	2	0	no
CCCACCACACCACACCACACACCAACACCACACACACAAACCACACACADECAAAE	30	1	0	no
CCCACCACACCACACCACACACCAACACCACACACACCAABACCACAACADECAAE	30	1	0	no
CCCACCACACCACACCACACACCAACACCACACACACCAACACAACAAACCAABAE	30	1	0	no
CCCACCACACCACACCACACACCAACACCACACACACCAACACACAACAACAAAAE	30	1	0	no
CCCACCACACCACACCACACACCAACACCACACACACCAACACACAACAACAAABE	30	1	0	no
CCCACCACACCACACCACACACCAACACCACACACACCAACACACAACAACDEAAE	30	1	0	no
CCCACCACACCACACCACACACCAACACCACACACACCAACACACAACAACDEABE	30	2	0	no
CCCACCACACCACACCACACACCAACACCACACACACCAACACCACAABABACAAE	30	1	0	no
CCCACCACACCACACCACACACCAACACCACACACACCAACACCACAACADABEAE	30	1	0	no
CCCACCACACCACACCACACACCAACACCACACACACCAACACCADEACACAAABE	30	2	0	no
CCCACCACACCACACCACACACCAACACCACACACACCAACACCADEACACDEABE	30	3	0	no
CCCACCACACCACACCACACACCAACACCACACACACDEACCACAACACAACAAAE	30	1	0	no
CCCACCACACCACACCACACACCAACACCACACACACDEACCACAACACAACADEE	30	2	0	no
CCCACCACACCACACCACACACCAACACCACACACACDEACCACACACACAAADEE	30	2	0	no
CCCACCACACCACACCACACACCAACACCACACACACDEACCACACACADEACAAE	30	2	0	no
CCCACCACACCACACCACACACCAACACCACACACACDEACCACACACADECAAAE	30	1	0	no
CCCACCACACCACACCACACACCACACACCACACACAACADECACACACAAACAAE	30	2	0	no
CCCACCACACCACACCACACACCACACACCACACACACCACACACACADEAABDEE	30	2	0	no
CCCACCACACCACACCACACACCACACACCACACACACCACACADABCACAABEAE	30	2	0	no
CCCACCACACCACACCACACACDEACCACACACAACCACACACAACACACACAABE	30	2	0	no
CCCACCACACCACACCACACACCACACACCACACACACACACAAACACAACAADEE	30	1	0	no
CCCACCACACCACACCACACACCACACACCACACACACACACAACAACAAACAAAE	30	1	0	no
CCCACCACACCACACCACACACCACACACCACACACACACACAACACAACAAADEE	30	1	0	no
CCCACCACACCACACCACACACCACACACCACACACACACACAACCAAAABACAAE	30	1	0	no
CCCACCACACCACACCACACACCACACACCACACACACACACAACCAACAADABEE	30	2	0	no
CCCACCACACCACACCACACACCACACACCACACACACACACAACCACAABABAAE	30	1	0	no
CCCACCACACCACACCACACACCACACACCACACACACACACAACCACAABABABE	30	2	0	no
CCCACCACACCACACCACACACCACACACCACACACACACACAACCADEABACAAE	30	2	0	no
CCCACCACACCACACCACACACCACACACCACACACACACACAACCADEACAADEE	30	2	0	no
CCCACCACACCACACCACACACCACACACCACACACACCAAABACCACAACADEAE	30	1	0	no
CCCACCACACCACACCACACACCACACACCACACACACCAAABACCACAACADEBE	30	1	0	no
CCCACCACACCACACCACACACCACACACCACACACACCAAACACAACAAACDEAE	30	2	0	no
CCCACCACACCACACCACACACCACACACCACACACACCAAACACCAACAADABEE	30	1	0	no
CCCACCACACCACACCACACACCACACACCACACACACCAAACACCACAABABABE	30	1	0	no
CCCACCACCACACACCACACACACAACCACACACACAACCACACACACAABCAAAE	30	1	0	no
CCCACCACCACACACCACACACACAACCACACACACAACCACACACACAABCADEE	30	3	0	no
CCCACCACCACACACCACACACACACACCACACACACACACACCACADEACADEAE	30	1	0	no
CCCACCACCACACACCACACCACACACACACAACCACACACACACAABCACAAABE	30	1	0	no
CCCACCACCACCACACAACCACACCACACAACCACACACACACAACCAAACADAEE	30	1	0	no
CCCACCACCACCACACACACACACCACACACACAACACCAACACACAACACAABAE	30	1	0	no
CCCACCACCACACACCACACCACACACACCAACACACAACACACCAACACAADEAE	30	1	0	no
CCCACCACCACACACCACACCACACACACCAACACACACACAACCAACAACADEBE	30	1	0	no
CCCACCACCACACACCACACCACACACACCAACACCACAACACACCAABABCADEE	30	1	0	no
CCCACCACCACACACCACACCACACACACCAACACCACACACACACDEABCAAAAE	30	1	0	no
CCCACCACCACACACCACACCACACACACCACACAACACACAACCAACAACAAAAE	30	1	0	no
CCCACCACCACACACCACACCACACACACCACACACCACACACACAACADEDEABE	30	4	0	no
CCCACCACCACACACCACACCACACACACCACACACCADEACACACACAACDEAAE	30	1	0	no
CCCACCACCACACACCACACCACACACACCACACACCADEACACACACAACDEABE	30	3	0	no
CCCACCACCACCACAACACCACACCACAACACCACACACCACAACACDEAACAAAE	30	1	0	no
CCCACCACCACCACAACACCACACCACAACACCACACACCACAACACDEACADBEE	30	1	0	no
CCCACCACCACCACACACACCACACCACACACACACDEACCACACAACADEACAAE	30	1	0	no
CCCACCACCACCACACCACACAACCACAACCACACAACCACAACCAACAAACAAAE	30	1	0	no
CCCACCACCACCACACCACACACACACAACCACACACACACAACACACAACAAABE	30	1	0	no
CCCACCACCACCACACCACACACACACACACCACACAACACAACACCACAAADAEE	30	1	0	no
CCCACCACCACCACACCACACACACACACACCAACACACACACACACDEAACADEE	30	1	0	no
CCCACCACCACCACACCACACACACCACAACCACACAACACADECACACAACAABE	30	2	0	no
CCCACCACCACCACACCACACACACCACAACCACACAACACCADECACACAAADEE	30	1	0	no
CCCACCACCACCACACCACACACACCACAACCACACACAACCAAACACACAAADEE	30	1	0	no
CCCACCACCACCACACCACACACACCACACACCACACAACACCAADECACAAABAE	30	1	0	no
CCCACCACCACCACACCACACCAACAACACCACACACCAAACACACACAACDEABE	30	2	0	no
CCCACCACCACCACACCACACCAACCAACACCAACACCAACAACACCAABABCAAE	30	1	0	no
CCCACCACCACCACACCACACCAACCAACACCAACACCAACCAACACDEABCAAAE	30	1	0	no
CCCACCACCACCACACCACACCAACCAACACCACACACAACCAAACACACAAADEE	30	1	0	no
CCCACCACCACCACACCACACCAACCAACACCACACACCAACAACACAAAABCAAE	30	1	0	no
CCCACCACCACCACACCACACCACACACACACACAACCACACACACADAEACADEE	30	2	0	no
CCCACCACCACCACACCACACCACAACACACACAACCACAACACACAABCACAABE	30	1	0	no
CCCACCACCACCACACCACACCACAACACACCAACACACAACACACAACACAAAAE	30	1	0	no
CCCACCACCACCACACCACACCACAACACACCAACACCACAACACACAAABCADEE	30	1	0	no
CCCACCACCACCACACCACACCACAACACACCAACACCACAACACACDEABCAAAE	30	1	0	no
CCCACCACCACCACACCACACCACAACACACCAACACCACAACACACDEABCADEE	30	2	0	no
CCCACCACCACCACACCACACCACACACACACAAACCACACACACADECACADEAE	30	1	0	no
CCCACCACCACCACACCACACCACACACACACACAACACACACACAACAACADEAE	30	1	0	no
CCCACCACCACCACACCACACCACACACACACACAACCAACACAACACAABCAAAE	30	1	0	no
CCCACCACCACCACACCACACCACACACACACACAACCACAAACACACAABCADEE	30	2	0	no
CCCACCACCACCACACCACACCACACCACACACAAACCACACAACACADEACADEE	30	1	0	no
CCCACCACCACCACACCACACCACACACACACDEACCACACACACACAACAADEAE	30	2	0	no
CCCACCACCACCACACCACACCACACACACACDEACCACACACACACAACDEAABE	30	1	0	no
CCCACCACCACCACACCACACCACACACACACDEACCACACACACADECACAAAAE	30	1	0	no
CCCACCACCACCACACCACACCACACACACACDEACCACACACACADECACADEAE	30	2	0	no
CCCACCACCACCACACCACACCACACACACACCAABACCACACACACADEACADEE	30	2	0	no
CCCACCACCACCACACCACACCACACACACACCAABACCACACACACADECAADEE	30	1	0	no
CCCACCACCACCACACCACACCACACACACACCAACACACACACACAACDEAADEE	30	1	0	no
CCCACCACCACCACACCACACCACACACACACCAACACCAACACAACACDEABDEE	30	1	0	no
CCCACCACCACCACACCACACCACACCACACACACAACCAAACCAAACACAABDEE	30	1	0	no
CCCACCACCACCACACCACACCACACCACACACACAACCACAACAACADAEACAAE	30	1	0	no
CCCACCACCACCACACCACACCACACCACACACACACAACACAACACAACAAADEE	30	1	0	no
CCCACCACCACCACACCACACCACACCACACACACACACAACACDEAACAACAABE	30	1	0	no
CCCACCACCACCACACCACACCACACCACACACACACACACACAACADEACAAAAE	30	1	0	no
CCCACCACCACCACACCACACCACACCACACACACACACADECACACACADEAABE	30	1	0	no
CCCACCACCACCACACCACACCACACCACACACACACACCADECAACAAACAAAAE	30	1	0	no
CCCACCACCACCACACCACACCACACCACACACCAABACCAACACCAACADEDAEE	30	1	0	no
CCCACCACCACCACACCACACCACACCACACACCAABACCAACACCACAADEDAEE	30	2	0	no
CCCACCACCACCACACCACACCACACCACACACCAACACAACACDEACACAADEAE	30	1	0	no
CCCACCACCACCACACCACACCACACCACACACCACACAACACAACADECAAAABE	30	2	0	no
CCCACCCACCACCACAACCAACCACACCAAACCAACCACACACDECAACAACAAAE	30	2	0	no
CCCACCCACCACCACAACCAACCACACCACAACCAACCAACACACAACDECAABAE	30	1	0	no
CCCACCCACCACCACAACCAACCACACCACAACCAACCAACACCAAACDECAABAE	30	2	0	no
CCCACCCACCACCACAACCACACACACACAACACACACACACAACACACAACAAAE	30	2	0	no
CCCACCCACCACCACAACCACACACACACAACCACACACACACAACAACAACAAAE	30	2	0	no
CCCACCCACCACCACAACCACACACACACAACCACACACACACAACCACAAADAEE	30	3	0	no
CCCACCCACCACCACAACCACACACACCACAACCACAACACACAAACCACAABABE	30	1	0	no
CCCACCACCACCACACCACACCACACCACACACDEACACACACACACAAACAAAAE	30	1	0	no
CCCACCACCACCACACCACACCACACCACACACDEACCAACACACAACAACAAAAE	30	1	0	no
CCCACCACCACCACACCACACCACACCACACACDEACCAACACACAACAACDEABE	30	2	0	no
CCCACCACCACCACACCACACCACACCACACACDEACCAACACCACAACAADBEAE	30	1	0	no
CCCACCACCACCACACCACACCACACCACACACDEACCACAACAACACAACAAAAE	30	1	0	no
CCCACCACCACCACACCACACCACACCACACACDEACCACAACCAACACAADBEAE	30	1	0	no
CCCACCACCACCACACCACACCACACCACACACDEACCACAACCAACADECAAAAE	30	1	0	no
CCCACCACCACCACACCACACCACACCACACACDEACCACAACCAACADECADEBE	30	1	0	no
CCCACCACCACCACACCACACCACACCACACACDEACCACACAACACADEACAAAE	30	1	0	no
CCCACCACCACCACACCACACCACACCACACACDEACCACACAACACADEACADEE	30	2	0	no
CCCACCACCACCACACCACACCACACCACACACDEACCACACAACACADECAAAAE	30	1	0	no
CCCACCACCACCACACCACACCACACDEACCACACACCACACAAACACAAACADEE	30	1	0	no
CCCACCCACCACCACAACCACACACACCACAACCACACACAACACAACAAACAAAE	30	1	0	no
CCCACCCACCACCACAACCACACACACCACAACCACACACACAACAACCAAABAAE	30	1	0	no
CCCACCCACCACCACAACCACACACACCACAACCACACACACACCAAAABACADEE	30	1	0	no
CCCACCCACCACCACAACCACACCAACCACAACACACACAACACAACACACAABAE	30	2	0	no
CCCACCCACCACCACAACCACACCAACCACAACACACACCAABCACAACACAAAAE	30	2	0	no
CCCACCCACCACCACAACCACACCAACCACAACACACACCAACCACAAACAADEAE	30	2	0	no
CCCACCCACCACCACAACCACACCAACCACAACACACACCAACCACAACADEDEBE	30	2	0	no
CCCACCCACCACCACAACCACACCAACCACAACCACACACAACACAACAACAAAAE	30	2	0	no
CCCACCCACCACCACAACCACACCAACCACAACCACACACAACACAACAACADEAE	30	2	0	no
CCCACCCACCACCACAACCACACCAACCACAACCACACACCAABCACAABCADEAE	30	2	0	no
CCCACCCACCACCACAACCACACCAACCACAACCACACACDECACAACAACAAAAE	30	2	0	no
CCCACCCACCACCACAACCACACCAACCACAACCACACACDECACAACAACADEAE	30	3	0	no
CCCACCCACCACCACAACCACACCACACCACAACCACAACACAACCAAACADEAAE	30	1	0	no
CCCACCCACCACCACAACCACACCACACCACAACCACAACACACACAAABCADEAE	30	2	0	no
CCCACCCACCACCACAACCACACCACACCACAACCACAACACACACAAACAAADEE	30	3	0	no
CCCACCCACCACCACAACCACACCACACCACAACCACAACCAAACCAAACAAADEE	30	2	0	no
CCCACCCACCACCACAACCACACCACACCACAACCACAACCADECACAAACAAAAE	30	1	0	no
CCCACCCACCACCACAACCACACCACACCACAACCACACACAAACACAACAAADEE	30	2	0	no
CCCACCCACCACCACACACAACCACACACACACAACCACACACACACAACAADEAE	30	1	0	no
CCCACCCACCACCACACACAACCACACCACACACAACCAACACACAACAACDEABE	30	1	0	no
CCCACCCACCACCACACACACACAACCACACACACACAACACACAACACAACAAAE	30	1	0	no
CCCACCCACCACCACACACACACAACCACACACACACAACCACACACAADECAAAE	30	1	0	no
CCCACCCACCACCACACACACACAACCACACACACACAACCACACACACAAABDEE	30	1	0	no
CCCACCCACCACCACACACACACACACACAACACACACACACAACACACAACAAAE	30	1	0	no
CCCACCCACCACCACACACACACCAACCACAACACACACAACACAACACACAABAE	30	1	0	no
CCCACCCACCACCACACACACACCAACCACAACACACACCAABCACAACAACAABE	30	1	0	no
CCCACCCACCACCACACACACACCAACCACAACACACACCAABCACAACACAAAAE	30	1	0	no
CCCACCCACCACCACACACACACCAACCACAACACACACCAACCACAAACAADEAE	30	1	0	no
CCCACCCACCACCACACACACACCAACCACAACACACACCAACCACAACADEDEBE	30	1	0	no
CCCACCCACCACCACACACACACCAACCACAACACACACDECACAACACAACAAAE	30	1	0	no
CCCACCCACCACCACACACACACCAACCACACACAACACAACACACACAACAADEE	30	1	0	no
CCCACCCACCACCACACACACACCAACCACACACACACADECACACAACACAABAE	30	0	1	no
CCCACCCACCACCACACACACACCACACCACAACACAACACAACCACAACAADEAE	30	1	0	no
CCCACCCACCACCACACACACACCACACCACAACACACAACACAACAACACAAAAE	30	1	0	no
CCCACCCACCACCACACACACACCACACCACAACACACACCAAABCACAAACAAAE	30	1	0	no
CCCACCCACCACCACACACACACCACACCACAACACACACCAAABCACAAACADEE	30	2	0	no
CCCACCCACCACCACACACACACCACACCACAACACACACCAAABCACAACAAAAE	30	1	0	no
CCCACCCACCACCACACACACACCACACCACAACACACACCAAABCACAACAADEE	30	1	0	no
CCCACCCACCACCACACACCACACACACACACAACCAACACACACAAACCAAABAE	30	1	0	no
CCCACCCACCACCACACACCACACACACACACAACCACAACACAACAACCAAABAE	30	1	0	no
CCCACCCACCACCACACACCAACCAACCACACACACCAACCAACACACAAABDEBE	30	1	0	no
CCCACCCACCACCACACACCAACCAACCACACACACCAACCAACCAAABACADEAE	30	1	0	no
CCCACCCACCACCACACACCAACCAACCACACACACDECAACACACAACACAAABE	30	1	0	no
CCCACCCACCACCACACACCAACCAACCACACACACDECAACCACACACAADEDEE	30	1	0	no
CCCACCCACCACCACACACCAACCACAACACACACAACCACAACACACAACADEAE	30	2	-	CONFLICT
CCCACCCACCACCACACACCAACCACACACACACACAACACACACACAACAAADEE	30	1	0	no
CCCACCCACCACCACACACCAACCACACACACACACAACCAACACAACACAABDEE	30	1	0	no
CCCACCCACCACCACACACACACCACACCACACACACACACAACAACADEACAAAE	30	1	0	no
CCCACCCACCACCACACACACACCACACCACACACACACACDEACACADEACADEE	30	8	-	CONFLICT
CCCACCCACCACCACACACCAACCAACCAACAACCAACCAACCAAACCAACAADEE	30	1	0	no
CCCACCCACCACCACACACCAACCAACCAACACACCAACCAACCAACAACAADEAE	30	1	0	no
CCCACCCACCACCACACACCAACCAACCAACACACCAACCAACCAACAACAADEBE	30	1	0	no
CCCACCCACCACCACACACCAACCAACCAACACACCAACCAACCAACAACDEDEBE	30	2	0	no
CCCACCCACCACCACACACCAACCAACCACACACACCAABCAACACACAACAAAAE	30	1	0	no
CCCACCCACCACCACACACCAACCAACCACACACACCAABCAACACACAACAAABE	30	2	0	no
CCCACCCACCACCACACACCAACCAACCACACACACCAABCAACCAAACACAAABE	30	1	0	no
CCCACCCACCACCACACACCACACACACACACACACCAACACACACAACAADBEAE	30	1	0	no
CCCACCCACCACCACACACCACACACACACACACACCAACACACACAADECAAAAE	30	1	0	no
CCCACCCACCACCACACACCACACACACACACACACCAACACACACAADECAADEE	30	2	0	no
CCCACCCACCACCACACACCACACACACACACACACCACAACACAACACAADBEAE	30	1	0	no
CCCACCCACCACCACACACCACACACACCACACACACCAACAACAACADEACAAAE	30	1	0	no
CCCACCCACCACCACACACCACACACACCACACACACCAACAACACCADEAABBAE	30	1	0	no
CCCACCCACCACCACACCACCACACCACACCACACAACACDEACDEACDEAACAAE	30	6	0	CONVEX
CCCACCCACCACCACACCACCACACCACACCACACACAACACACACAAABABABAE	30	1	0	no
CCCACCCACCACCACACCACACACACACCACACACCAACACAACACAAAABCAAAE	30	1	0	no
CCCACCCACCACCACACCACACACACACCACACACCAACACAACACCAAABABDEE	30	1	0	no
CCCACCCACCACCACACCACACACACACCACACACCACAAACACACAAAABCADEE	30	2	0	no
CCCACCCACCACCACACACCACACCACACCACACAACCADECACACACDEAABDEE	30	2	0	no
CCCACCCACCACCACACACCACACCACACCACACACACCAAABACACACAAABABE	30	1	0	no
CCCACCCACCACCACACACCACACCACACCACACACACCAAABCAAACCAAABAAE	30	1	0	no
CCCACCCACCACCACACACCACACCACACCACACACACCAAACCAAABCAAADEBE	30	1	0	no
CCCACCCACCACCACACACCACACCACACCACACACACDEACCAAABCADEACAAE	30	1	0	no
CCCACCCACCACCACACCAACAACACCACACACCAAACACACACACACDEACAAAE	30	1	0	no
CCCACCCACCACCACACCAACAACACCACACACCAAACACCACACACACDEAADEE	30	6	0	no
CCCACCCACCACCACACCAACAACACCACACACCAAACACCACACACACDEABDEE	30	6	0	no
CCCACCCACCACCACACCACACACACACACAACACACACACAACAACACAACAAAE	30	1	0	no
CCCACCCACCACCACACCACACACACACACAACCACACACACACACAABCAADEAE	30	3	0	CONVEX
CCCACCCACCACCACACACCACACCAACCACACAACACACACAACACADEACAAAE	30	1	0	no
CCCACCCACCACCACACACCACACCAACCACACAACACACACDECACADEACAAAE	30	1	0	no
CCCACCCACCACCACACACCACACCAACCACACAACACACADECACACAACAAAAE	30	1	0	no
CCCACCCACCACCACACACCACACCAACCACACAACACACADECACACAACAAABE	30	2	0	no
CCCACCCACCACCACACACCACACCAACCACACAACCAAACDECACACAACDEAAE	30	1	0	no
CCCACCCACCACCACACACCACACCAACCACACAACCAACACAACACAAACAAAAE	30	1	0	no
CCCACCCACCACCACACACCACACCAACCACACAACCAACACAACACAAACAADEE	30	1	0	no
CCCACCCACCACCACACACCACACCAACCACACAACCAACACDECACAAACAAAAE	30	1	0	no
CCCACCCACCACCACACACCACACCAACCACACAACCAACACDECACAAACAADEE	30	2	0	no
CCCACCCACCACCACACACCACACCAACCACACAACCACAACAACAACAAACAAAE	30	2	0	no
CCCACCCACCACCACACACCACACCAACCACACAACCACAACAACAACAACAAAAE	30	1	0	no
CCCACCCACCACCACACACCACACCAACCACACACACAACACAACACAAACAAAAE	30	1	0	no
CCCACCCACCACCACACACCACACCAACCACACACACAACACAACACAAACAADEE	30	1	0	no
CCCACCCACCACCACACACCACACCAACCACACACACCAAABCAACCAAABACAAE	30	1	0	no
CCCACCCACCACCACACACCACACCAACCACACACACCADECAACDEACAACAAAE	30	1	0	no
CCCACCCACCACCACACACCACACCACACCACACAACCAAACCAAACCAAAABDEE	30	1	0	no
CCCACCCACCACCACACACCACACCACACCACACAACCAACACAAACACAAABDEE	30	1	0	no
CCCACCCACCACCACACACCACACCACACCACACAACCAACACDEACAACAADEAE	30	1	0	no
CCCACCCACCACCACACACCACACCACACCACACAACCACAACAACACDEAAABAE	30	1	0	no
